species,distinct_host_species
"Abagrotis alternata",14
"Abagrotis baueri",1
"Abagrotis discoidalis",1
"Abagrotis duanca",1
"Abagrotis glenni",2
"Abagrotis mirabilis",2
"Abagrotis nanalis",1
"Abagrotis nefascia",1
"Abagrotis placida",4
"Abagrotis reedi",1
"Abagrotis trigona",2
"Abagrotis variata",2
"Abantiades latipennis",2
"Abraxas grossulariata",18
"Abraxas latifasciata",4
"Abraxas satoi",1
"Abraxas sylvata",6
"Abraximorpha davidii",4
"Abrostola asclepiadis",1
"Abrostola ovalis",1
"Abrostola tripartita",1
"Abrostola triplasia",1
"Abrostola urentis",1
"Acalyptris loranthella",1
"Acalyptris minimella",1
"Acanthopsyche atra",1
"Acasis viretata",6
"Acasis viridata",1
"Acerra normalis",12
"Achaea argilla",1
"Achaea catocaloides",9
"Achaea echo",3
"Achaea janata",82
"Achaea lienardi",10
"Achaea mercatoria",5
"Achaea serva",8
"Achalarus toxeus",1
"Achatia distincta",10
"Achatodes zeae",4
"Acherontia atropos",29
"Acherontia lachesis",51
"Acherontia styx",33
"Achlya flavicornis",4
"Achlyodes busirus",4
"Achlyodes thraso",6
"Achroia grisella",1
"Achyra affinitalis",3
"Achyra bifidalis",8
"Achyra coelatalis",3
"Achyra massalis",1
"Achyra nudalis",3
"Achyra rantalis",11
"Achytonix epipaschia",2
"Acleris abietana",3
"Acleris albicomana",3
"Acleris aspersana",7
"Acleris bowmanana",4
"Acleris britannia",4
"Acleris busckana",1
"Acleris caliginosana",3
"Acleris celiana",3
"Acleris cervinana",1
"Acleris chalybeana",6
"Acleris comariana",5
"Acleris cornana",5
"Acleris cristana",10
"Acleris curvalana",3
"Acleris emargana",5
"Acleris ferrugana",2
"Acleris fimbriana",3
"Acleris flavivittana",1
"Acleris foliana",3
"Acleris forsskaleana",2
"Acleris fragariana",3
"Acleris hastiana",15
"Acleris hippophaeana",1
"Acleris holmiana",2
"Acleris hyemana",2
"Acleris implexana",2
"Acleris kearfottana",1
"Acleris keiferi",2
"Acleris laterana",1
"Acleris lipsiana",4
"Acleris literana",6
"Acleris logiana",6
"Acleris lorquiniana",1
"Acleris maccana",7
"Acleris macdunnoughi",1
"Acleris maximana",5
"Acleris minuta",8
"Acleris negundana",1
"Acleris nigrilineana",2
"Acleris nigrolinea",5
"Acleris nivisellana",3
"Acleris oxycoccana",2
"Acleris rhombana",4
"Acleris robinsoniana",2
"Acleris rufana",5
"Acleris schalleriana",3
"Acleris semiannula",3
"Acleris semipurpurana",5
"Acleris shepherdana",2
"Acleris sparsana",4
"Acleris subnivana",2
"Acleris umbrana",4
"Acleris variana",21
"Acleris variegana",12
"Acompsia tripunctella",2
"Acontia aprica",1
"Acontia crocata",2
"Acontia dacia",1
"Acontia gratiosa",1
"Acontia major",2
"Acontia marmoralis",2
"Acontia terminimaculata",1
"Acosmeryx anceus",4
"Acosmeryx naga",2
"Acosmeryx shervillii",3
"Acosmeryx socrates",4
"Acossus centerensis",1
"Acraea andromacha",4
"Acraea eponina",7
"Acraea issoria",11
"Acraea umbra",1
"Acraea violae",7
"Acratodes suavata",1
"Acria ceramitis",3
"Acrobasis amplexella",2
"Acrobasis angusella",7
"Acrobasis betulella",4
"Acrobasis betulivorella",1
"Acrobasis carpinivorella",1
"Acrobasis caryae",9
"Acrobasis caryalbella",3
"Acrobasis caryivorella",4
"Acrobasis comptella",5
"Acrobasis cunulae",1
"Acrobasis demotella",1
"Acrobasis exsulella",2
"Acrobasis glaucella",1
"Acrobasis indigenella",14
"Acrobasis juglandis",5
"Acrobasis kearfottella",5
"Acrobasis latifasciella",2
"Acrobasis minimella",5
"Acrobasis obtusella",1
"Acrobasis ostryella",1
"Acrobasis palliolella",3
"Acrobasis sodalella",3
"Acrobasis stigmella",5
"Acrobasis sylviella",1
"Acrobasis tricolorella",10
"Acrobasis tumidana",2
"Acrobasis vaccinii",5
"Acrocercops astericola",4
"Acrocercops brongniardella",4
"Acroclita subsequana",4
"Acrolepia autumnitella",2
"Acrolepiopsis assectella",5
"Acrolepiopsis incertella",2
"Acrolophus popeanella",2
"Acronicta aceris",6
"Acronicta afflicta",2
"Acronicta alni",19
"Acronicta auricoma",28
"Acronicta barnesii",1
"Acronicta betulae",1
"Acronicta brumosa",4
"Acronicta clarescens",12
"Acronicta cuspis",3
"Acronicta dactylina",12
"Acronicta euphorbiae",36
"Acronicta fragilis",13
"Acronicta funeralis",13
"Acronicta grisea",17
"Acronicta haesitata",2
"Acronicta hamamelis",3
"Acronicta hasta",5
"Acronicta hastulifera",3
"Acronicta impleta",14
"Acronicta impressa",16
"Acronicta increta",1
"Acronicta innotata",7
"Acronicta interrupta",14
"Acronicta leporina",19
"Acronicta lepusculina",10
"Acronicta lithospila",3
"Acronicta lobeliae",2
"Acronicta longa",6
"Acronicta major",4
"Acronicta marmorata",1
"Acronicta megacephala",11
"Acronicta menyanthidis",12
"Acronicta morula",2
"Acronicta noctivaga",6
"Acronicta oblinita",26
"Acronicta othello",2
"Acronicta ovata",3
"Acronicta perdita",4
"Acronicta psi",30
"Acronicta quadrata",3
"Acronicta radcliffei",14
"Acronicta retardata",2
"Acronicta rubricoma",2
"Acronicta rumicis",54
"Acronicta sperata",3
"Acronicta spinigera",5
"Acronicta strigosa",4
"Acronicta superans",9
"Acronicta tridens",5
"Acronicta tristis",2
"Acronicta tritona",4
"Acronicta vinnula",1
"Acropolitis rudisana",2
"Acsala anomala",6
"Actebia fennica",42
"Actebia praecox",5
"Actias artemis",14
"Actias dubernardi",1
"Actias gnoma",3
"Actias isis",2
"Actias luna",37
"Actias selene",48
"Actias sinensis",2
"Actias truncatipennis",2
"Actinote anteas",2
"Actinote leucomelas",1
"Actinote mamita",6
"Actinote pellenea",13
"Actinote thalia",2
"Actinotia polyodon",2
"Actizera lucida",1
"Acytolepis puspa",26
"Adaina ambrosiae",1
"Adaina microdactyla",1
"Addaea pusilla",3
"Addaea trimeronalis",2
"Addyme ferrorubella",1
"Adela cuprella",1
"Adela septentrionella",1
"Adela violella",1
"Adeloneivaia acuta",1
"Adeloneivaia catoxantha",1
"Adeloneivaia isara",2
"Adeloneivaia jason",3
"Adeloneivaia subangulata",2
"Adelpha basiloides",4
"Adelpha cytherea",3
"Adelpha epizygis",1
"Adelpha iphiclus",8
"Adelpha melanthe",1
"Adelpha syma",2
"Adelphagrotis indeterminata",1
"Adelphagrotis stellaris",5
"Adelphia petrella",5
"Adhemarius gannascus",1
"Adisura marginalis",1
"Admetovis oxymorus",1
"Adoxophyes fasciculana",44
"Adoxophyes negundana",1
"Adoxophyes orana",24
"Adoxophyes templana",1
"Adoxophyes trirhabda",1
"Adscita geryon",1
"Adscita statices",2
"Aedia leucomelas",6
"Aedia sericea",1
"Aegilia describens",2
"Aellopos clavipes",1
"Aellopos fadus",2
"Aellopos tantalus",6
"Aellopos titan",2
"Aenetus ombraloma",1
"Aeolochroma quadrilinea",2
"Aethaloida packardaria",2
"Aethalura intertexta",5
"Aethalura punctulata",3
"Aethes aurofasciana",1
"Aethes beatricella",3
"Aethes bilbaensis",2
"Aethes cnicana",3
"Aethes dilucidana",2
"Aethes francillana",7
"Aethes hartmanniana",3
"Aethes kindermanniana",2
"Aethes margaritana",5
"Aethes rubigana",3
"Aethes rutilana",1
"Aethes smeathmanniana",5
"Aethes tesserana",2
"Aethes triangulana",1
"Aethes williana",5
"Aetholix flavibasalis",6
"Agapeta zoegana",8
"Agarista agricola",1
"Agathia hilarata",3
"Agathia lycaenaria",8
"Agathiphaga queenslandensis",1
"Agathodes designalis",10
"Agathodes monstralis",1
"Agathodes ostentalis",6
"Agavenema barberella",1
"Agavenema pallida",1
"Agdistis adactyla",1
"Agdistis satanas",1
"Aglaope infausta",5
"Aglaosoma variegata",2
"Aglia tau",28
"Aglossa caprealis",3
"Agnidra scabiosa",5
"Agnorisma badinodis",7
"Agnosia orneus",2
"Agonopterix adspersella",1
"Agonopterix alpigena",1
"Agonopterix alstroemeriana",1
"Agonopterix angelicella",1
"Agonopterix antennariella",2
"Agonopterix argillacea",7
"Agonopterix assimilella",1
"Agonopterix astrantiae",1
"Agonopterix atomella",2
"Agonopterix atrodorsella",2
"Agonopterix bipunctosa",1
"Agonopterix canadensis",4
"Agonopterix capreolella",1
"Agonopterix carduella",1
"Agonopterix chironiella",1
"Agonopterix clemensella",16
"Agonopterix cnicella",2
"Agonopterix conterminella",1
"Agonopterix eupatoriiella",2
"Agonopterix ferulae",1
"Agonopterix flavicomella",2
"Agonopterix furvella",1
"Agonopterix gelidella",1
"Agonopterix heracliana",3
"Agonopterix hypericella",1
"Agonopterix kuznetzovi",1
"Agonopterix laterella",1
"Agonopterix lythrella",4
"Agonopterix nanatella",1
"Agonopterix nervosa",3
"Agonopterix nigrinotella",2
"Agonopterix nodiflorella",1
"Agonopterix ocellana",1
"Agonopterix oregonensis",13
"Agonopterix pallorella",1
"Agonopterix parilella",2
"Agonopterix petasitis",1
"Agonopterix propinquella",1
"Agonopterix psoraliella",3
"Agonopterix purpurea",1
"Agonopterix putridella",1
"Agonopterix robiniella",2
"Agonopterix rotundella",1
"Agonopterix rutana",2
"Agonopterix sabulella",3
"Agonopterix scopariella",1
"Agonopterix silerella",1
"Agonopterix subpropinquella",2
"Agonopterix thapsiella",1
"Agonopterix vendettella",1
"Agonoxena phoenicia",1
"Agrias amydon",1
"Agrioglypta itysalis",3
"Agriophara confertella",1
"Agriophara levis",1
"Agriopis bajaria",1
"Agriopis leucophaearia",5
"Agriopis marginaria",1
"Agriopodes fallax",2
"Agriphila inquinatella",1
"Agriphila ruricolellus",1
"Agriphila selasella",3
"Agriphila straminella",2
"Agriphila tristella",1
"Agriphila vulgivagellus",1
"Agrius cingulata",10
"Agrius convolvuli",26
"Agrochola circellaris",4
"Agrochola helvola",12
"Agrochola litura",5
"Agrochola lota",5
"Agrochola lychnidis",1
"Agrochola purpurea",6
"Agrotera basinotata",7
"Agrotera nemoralis",6
"Agrotis biconica",7
"Agrotis clavis",4
"Agrotis exclamationis",10
"Agrotis gladiaria",16
"Agrotis infusa",2
"Agrotis interjectionis",6
"Agrotis ipsilon",90
"Agrotis longidentifera",6
"Agrotis malefida",22
"Agrotis munda",1
"Agrotis orthogonia",26
"Agrotis puta",1
"Agrotis radians",8
"Agrotis ripae",2
"Agrotis subterranea",42
"Agrotis trux",1
"Agrotis vancouverensis",2
"Agrotis venerabilis",9
"Agrotis vestigialis",1
"Agrotis vetusta",19
"Agrotis volubilis",1
"Aguna metophis",1
"Ahlbergia frivaldszkyi",1
"Aidos amanda",1
"Alarodia slossoniae",6
"Alatuncusia bergii",1
"Albuna fraxini",1
"Albuna pyramidalis",3
"Alcathoe caudata",3
"Alcis angulifera",27
"Alcis jubata",2
"Alcis papuensis",1
"Alcis picata",1
"Aleimma loeflingiana",6
"Aletia oxygala",3
"Aleucis distinctata",1
"Allagrapha aerea",2
"Allophyes oxyacanthae",11
"Allothosea lola",4
"Allotria elonympha",2
"Alpenus maculosus",12
"Alsophila aescularia",4
"Alsophila pometaria",43
"Altenia scriptella",1
"Altha nivea",9
"Alucita desmodactyla",3
"Alucita hexadactyla",1
"Alucita huebneri",3
"Alucita phricodes",1
"Alypia octomaculata",4
"Alypia wittfeldii",1
"Amata huebneri",1
"Ambadra rafflesi",1
"Amblyptilia acanthadactyla",1
"Amblyptilia pica",7
"Amblyptilia punctidactyla",2
"Amblyscirtes aesculapius",1
"Amblyscirtes belli",1
"Amblyscirtes carolina",1
"Amblyscirtes celia",1
"Amblyscirtes hegon",4
"Amblyscirtes nysa",4
"Amblyscirtes reversa",1
"Ambulyx moorei",3
"Ambulyx sericeipennis",7
"Ambulyx substrigilis",2
"Amerila bauri",2
"Amerila luteibarba",1
"Ametris nitocris",1
"Ammalo helops",4
"Amorbia cuneanum",8
"Amorbia decerptana",1
"Amorbia emigratella",23
"Amorbia humerosana",23
"Amorpha juglandis",13
"Amphion floridensis",9
"Amphipoea americana",1
"Amphipoea crinanensis",1
"Amphipoea fucosa",2
"Amphipoea lucens",2
"Amphipoea oculea",3
"Amphipoea velata",2
"Amphipyra berbera",7
"Amphipyra glabella",2
"Amphipyra livida",2
"Amphipyra perflua",1
"Amphipyra pyramidea",8
"Amphipyra pyramidoides",52
"Amphipyra tetra",1
"Amphipyra tragopoginis",24
"Amplypterus panopus",3
"Amyelois transitella",32
"Amyna natalis",7
"Amyna octo",23
"Amyna punctum",5
"Anabasis ochrodesma",7
"Anacampsis agrimoniella",2
"Anacampsis innocuella",8
"Anacampsis lupinella",1
"Anacampsis niveopulvella",6
"Anacampsis populella",4
"Anacampsis rhoifructella",2
"Anacampsis temerella",1
"Anacampsis tristrigella",2
"Anacamptodes clivinaria",4
"Anacamptodes defectaria",2
"Anacamptodes ephyraria",16
"Anacamptodes humaria",6
"Anacamptodes perfectaria",1
"Anadevidia peponis",5
"Anaea aidea",4
"Anaea andria",5
"Anaea troglodyta",1
"Anagrapha falcifera",13
"Anania funebris",2
"Anania verbascalis",7
"Anaplectoides prasina",6
"Anaplectoides pressus",6
"Anarsia dryinopa",1
"Anarsia lineatella",7
"Anarsia molybdota",1
"Anarsia patulella",2
"Anarsia spartiella",3
"Anarta melanopa",4
"Anarta myrtilli",4
"Anartia amathea",7
"Anastrus sempiternus",2
"Anathix puta",1
"Anavitrinella pampinaria",40
"Anchinia cristalis",1
"Anchinia daphnella",1
"Anchinia grisescens",1
"Anchinia laureolella",2
"Ancistroides nigrita",2
"Ancylis achatana",3
"Ancylis albacostana",1
"Ancylis apicana",6
"Ancylis apicella",1
"Ancylis burgessiana",4
"Ancylis comptana",7
"Ancylis diminutana",1
"Ancylis divisana",2
"Ancylis laetana",2
"Ancylis mediofasciana",3
"Ancylis metamelana",4
"Ancylis mitterbacheriana",2
"Ancylis myrtillana",2
"Ancylis nubeculana",4
"Ancylis obtusana",1
"Ancylis paludana",1
"Ancylis platanana",1
"Ancylis selenana",1
"Ancylis simuloides",1
"Ancylis spiraeifoliana",1
"Ancylis subaequana",1
"Ancylis subarcuana",1
"Ancylis tineana",3
"Ancylis unculana",2
"Ancylis unguicella",1
"Ancylis upupana",2
"Ancylosis morrisonella",1
"Ancylosis oblitella",1
"Andriasa contraria",6
"Andrioplecta shoreae",34
"Androloma maccullochii",1
"Andropolia aedon",2
"Andropolia contacta",3
"Andropolia diversilineata",1
"Anerastia lotella",1
"Anereuthina renosa",1
"Angerona prunaria",20
"Anhimella contrahens",2
"Anicla ignicans",10
"Anicla infecta",14
"Anigraea deleta",2
"Anigraea ochrobasis",1
"Anisoplaca achyrota",1
"Anisota dissimilis",1
"Anisota oslari",15
"Anisota peigleri",9
"Anisota stigma",21
"Anisota virginiensis",28
"Annaphila diva",1
"Anoba atriplaga",1
"Anomis albitibia",1
"Anomis combinans",2
"Anomis editrix",4
"Anomis erosa",29
"Anomis figlina",2
"Anomis flava",29
"Anomis illita",9
"Anomis impasta",7
"Anomis leona",9
"Anomis luridula",1
"Anomis mesogona",2
"Anomis nigritarsis",2
"Anomis sabulifera",14
"Anomis texana",2
"Anonaepestis tamsi",1
"Anoncia conia",1
"Anoncia diveni",1
"Anopina ednana",1
"Anstenoptilia marmarodactyla",3
"Antaeotricha humilis",1
"Antaeotricha leucillana",16
"Antaeotricha osseella",3
"Antaeotricha renselariana",1
"Antaeotricha schlaegeri",3
"Antepione thisoaria",6
"Anthela acuta",1
"Anthela excellens",1
"Anthela nicothoe",2
"Anthela ocellata",1
"Anthela varia",1
"Anthene amarah",4
"Anthene definita",11
"Anthene emolus",10
"Anthene lycaenoides",1
"Antheraea assamensis",13
"Antheraea knyvetti",2
"Antheraea larissa",1
"Antheraea paphia",45
"Antheraea polyphemus",99
"Antheraea semperi",1
"Antheraea yamamai",17
"Antherina suraka",2
"Anthocharis cethura",6
"Anthophila fabriciana",1
"Anthozela chrysoxantha",1
"Antiblemma rufinans",1
"Anticarsia gemmatalis",29
"Anticarsia irrorata",17
"Antichloris eriphia",2
"Antichloris viridis",2
"Anticlea derivata",3
"Anticlea multiferata",2
"Anticlea pectinata",1
"Anticlea vasiliata",4
"Anticollix sparsata",2
"Antigastra catalaunalis",7
"Antispila argentifera",2
"Antispila cornifoliella",1
"Antispila freemani",1
"Antispila hydrangaeella",1
"Antispila nysaefoliella",1
"Antispila treitschkiella",1
"Antitype chi",14
"Apachea barberella",1
"Apamea alia",3
"Apamea amputatrix",7
"Apamea anceps",3
"Apamea apamiformis",1
"Apamea aquila",1
"Apamea auranticolor",1
"Apamea crenata",3
"Apamea cuculliformis",1
"Apamea devastator",20
"Apamea dubitans",2
"Apamea furva",4
"Apamea illyria",3
"Apamea impulsa",2
"Apamea lateritia",2
"Apamea lignicolora",1
"Apamea lutosa",1
"Apamea monoglypha",1
"Apamea niveivenosa",1
"Apamea ophiogramma",3
"Apamea remissa",3
"Apamea sordens",10
"Apamea unanimis",3
"Apamea vulgaris",1
"Apamea zeta",1
"Apantesis nais",8
"Apantesis phalerata",3
"Apantesis vittata",1
"Apatelodes torrefacta",20
"Apatura iris",4
"Apeira syringaria",6
"Apharetra dentata",2
"Aphelia alleniana",22
"Aphelia ochreana",1
"Aphelia paleana",10
"Aphelia unitana",1
"Aphelia viburnana",13
"Aphelia viburniana",6
"Aphnaeus hutchinsonii",2
"Aphnaeus orcas",1
"Aphomia zelleri",1
"Aphrissa statira",3
"Apina callisto",6
"Aplasta ononaria",1
"Aplectoides condita",5
"Aplocera efformata",1
"Aplocera plagiata",3
"Aplocera praeformata",2
"Apocheima hispidaria",1
"Apoda y-inversum",2
"Apodia bifractella",1
"Apodrepanulatrix liberaria",1
"Apomyelois bistriatella",3
"Apopestes spectrum",2
"Aporia agathon",3
"Aporia leucodice",1
"Aporophyla lutulenta",1
"Aporophyla nigra",1
"Apotolype blanchardi",1
"Apotomis albeolana",2
"Apotomis betuletana",2
"Apotomis bifida",1
"Apotomis deceptana",2
"Apotomis frigidana",1
"Apotomis funerea",2
"Apotomis infida",1
"Apotomis inundana",1
"Apotomis lineana",2
"Apotomis sauciana",1
"Apotomis semifasciana",1
"Apotomis spinulana",1
"Apotomis tertiana",1
"Apotomops wellingtoniana",3
"Appias ada",1
"Appias albina",3
"Appias lyncida",9
"Appias nero",1
"Appias paulina",1
"Aproaerema anthyllidella",2
"Arachnis picta",6
"Archaeoattacus edwardsii",3
"Archanara dissoluta",1
"Archanara laeta",1
"Archanara neurica",1
"Archanara oblonga",2
"Archanara subflava",2
"Archiearis infans",5
"Archiearis parthenias",4
"Archinemapogon yildizae",2
"Archips alberta",6
"Archips argyrospila",40
"Archips betulana",3
"Archips cerasivorana",17
"Archips crataegana",17
"Archips dissitana",1
"Archips fervidana",8
"Archips fuscocupreanus",28
"Archips grisea",2
"Archips machlopis",29
"Archips oporana",22
"Archips packardiana",17
"Archips podana",8
"Archips purpurana",13
"Archips rosana",25
"Archips semiferanus",5
"Archips strianus",6
"Archips tsuganus",1
"Archips xylosteana",16
"Archon apollinus",6
"Arcte coerula",6
"Arctia caja",47
"Arctia festiva",1
"Arctia villica",1
"Arctornis l-nigrum",4
"Arctornis phrika",1
"Arctornis rutila",1
"Ardozyga compsochroa",1
"Ardozyga mesochra",1
"Ardozyga nyctias",1
"Arenipses sabella",1
"Arethusana arethusa",7
"Argema kuhnei",1
"Argema mimosae",6
"Argema mittrei",8
"Argina astrea",13
"Argolamprotes micella",1
"Argyresthia abies",1
"Argyresthia albistria",3
"Argyresthia annettella",2
"Argyresthia aureoargentella",1
"Argyresthia brockeella",1
"Argyresthia canadensis",1
"Argyresthia cupressella",2
"Argyresthia curvella",1
"Argyresthia flexilis",1
"Argyresthia freyella",4
"Argyresthia fundella",1
"Argyresthia glabratella",1
"Argyresthia goedartella",1
"Argyresthia laevigatella",4
"Argyresthia oreasella",4
"Argyresthia praecocella",1
"Argyresthia pruniella",3
"Argyresthia pygmaeella",2
"Argyresthia quadristrigella",1
"Argyresthia semifusca",2
"Argyresthia semitestacella",1
"Argyresthia sorbiella",2
"Argyresthia spinosella",1
"Argyresthia thuiella",2
"Argyresthia trifasciata",1
"Argyria lacteella",1
"Argyrogramma signata",11
"Argyrogramma verruca",14
"Argyroploce lediana",1
"Argyrostrotis anilis",2
"Argyrostrotis quadrifilaris",1
"Argyrostrotis sylvarum",1
"Argyrotaenia alisellana",2
"Argyrotaenia dorsalana",7
"Argyrotaenia franciscana",37
"Argyrotaenia juglandana",2
"Argyrotaenia klotsi",2
"Argyrotaenia ljungiana",10
"Argyrotaenia mariana",12
"Argyrotaenia niscana",1
"Argyrotaenia occultana",8
"Argyrotaenia pinatubana",10
"Argyrotaenia provana",2
"Argyrotaenia quadrifasciana",6
"Argyrotaenia quercifoliana",9
"Argyrotaenia repertana",5
"Argyrotaenia tabulana",11
"Argyrotaenia velutinana",22
"Arhopala abseus",1
"Arhopala centaurus",6
"Arhopala hercules",1
"Arhopala pseudocentaurus",12
"Arhopala thamyras",2
"Ariadne ariadne",5
"Ariadne merione",4
"Arichanna melanaria",5
"Aricia agestis",3
"Arignota stercorata",1
"Aristaea pavoniella",5
"Aristotelia argentifera",2
"Aristotelia brizella",1
"Aristotelia corallina",2
"Aristotelia decurtella",1
"Aristotelia fungivorella",1
"Aristotelia pudibundella",1
"Aristotelia roseosuffusella",3
"Aristotelia subdecurtella",1
"Arla diversella",2
"Aroga argutiola",1
"Aroga flavicomella",1
"Aroga trialbamaculella",4
"Aroga velocella",1
"Arogalea cristifasciella",1
"Arotrophora arcuatalis",1
"Arotrophora canthelias",2
"Arotrophora siniocosma",1
"Arrhenes dschilus",1
"Arrhenes marnas",1
"Arrhenophanes perspicilla",2
"Arsacia rectalis",3
"Arsenura armida",11
"Arsenura aspasia",4
"Arsenura polyodonta",2
"Artace cribraria",7
"Artena dotata",6
"Arteurotia tractipennis",2
"Arthisma scissuralis",1
"Arthroschista hilaralis",3
"Arugisa latiorella",1
"Asbolis capucinus",6
"Ascalapha odorata",13
"Asciodes gordialis",3
"Ascotis reciprocaria",9
"Ascotis selenaria",76
"Aseptis adnixa",2
"Aseptis binotata",13
"Aseptis characta",1
"Aseptis ethnica",3
"Aseptis fumeola",2
"Aseptis fumosa",1
"Aseptis perfumosa",1
"Aslauga purpurascens",2
"Aslauga vininga",1
"Asota borbonica",1
"Asota caricae",22
"Asota ficus",11
"Asota heliconia",1
"Asota plaginota",3
"Asota plana",2
"Asota sericea",1
"Aspilapteryx tringipennella",1
"Aspitates gilvaria",1
"Assara conicolella",1
"Assara seminivale",2
"Assara terebrella",1
"Asterocampa argus",1
"Asterocampa clyton",5
"Asterocampa leilia",1
"Asterolepis glycera",1
"Asthena albulata",1
"Astraptes alardus",3
"Astraptes alector",1
"Astraptes anaphus",2
"Astraptes creteus",1
"Astraptes fulgerator",9
"Astraptes talus",3
"Asturodes fimbriauralis",1
"Astygisa vexillaria",1
"Ategumia adipalis",3
"Ategumia ebulealis",2
"Atemelia torquatella",1
"Aterpia approximana",1
"Atheloca subrufella",3
"Athetis miranda",4
"Athetis nonagrica",5
"Athetis pallustris",3
"Athrips pruinosella",2
"Athrips rancidella",2
"Athrips tetrapunctella",1
"Athyma nefte",10
"Athyma selenophora",9
"Atlides halesus",6
"Atrytone arogos",2
"Atrytonopsis hianna",2
"Attacus atlas",119
"Atteva hysginiella",1
"Attonda adspersa",1
"Auaxa cesadaria",1
"Auchmis detersa",1
"Audea bipunctata",1
"Aurana actiosella",1
"Aurivillius triramis",1
"Autoba abrupta",12
"Autoba rubra",4
"Autoba silicula",16
"Autoba versicolor",23
"Autocharis fessalis",2
"Autochton cellus",4
"Autographa ampla",12
"Autographa bimaculata",3
"Autographa bractea",2
"Autographa californica",45
"Autographa corusca",1
"Autographa excelsa",1
"Autographa gamma",78
"Autographa jota",1
"Autographa macrogamma",2
"Autographa mappa",3
"Autographa nigrisigna",14
"Autographa precationis",11
"Autographa pulchrina",6
"Autographa rubida",2
"Automerella flexuosa",1
"Automerina cypria",1
"Automeris amanda",1
"Automeris annulata",1
"Automeris banus",4
"Automeris bilinea",1
"Automeris cecrops",27
"Automeris cinctistriga",3
"Automeris duchartrei",1
"Automeris excreta",6
"Automeris godartii",1
"Automeris hamata",1
"Automeris harrisorum",1
"Automeris illustris",18
"Automeris inornata",1
"Automeris io",159
"Automeris iris",5
"Automeris janus",3
"Automeris jucunda",1
"Automeris liberia",6
"Automeris macphaili",2
"Automeris maeonia",1
"Automeris metzli",5
"Automeris midea",1
"Automeris moloneyi",3
"Automeris montezuma",1
"Automeris moresca",1
"Automeris naranja",5
"Automeris peigleri",1
"Automeris phrynon",3
"Automeris randa",6
"Automeris rubrescens",14
"Automeris styx",3
"Automeris tridens",2
"Automeris zozine",7
"Automeris zugana",13
"Autoplusia egena",10
"Autoplusia illustrata",1
"Avatha discolor",4
"Avitta quadrilinea",2
"Avitta rufifrons",1
"Axylia putris",4
"Azanus mirza",3
"Azanus ubaldus",1
"Bactra bactrana",2
"Bactra furfurana",2
"Bactra maiorina",2
"Bactra robustana",1
"Bactra venosana",4
"Bactra verutana",3
"Badamia exclamationis",12
"Bagisara brouana",2
"Bagisara praecelsa",1
"Bagisara rectifascia",2
"Bagisara repanda",2
"Baileya dormitans",4
"Baileya doubledayi",1
"Baileya ophthalmica",6
"Balsa malana",6
"Balsa tristrigella",1
"Banisia fenestrifera",1
"Banisia myrsusalis",8
"Baptria tibiale",2
"Barbara colfaxiana",9
"Barbara mappana",3
"Barbicornis basilis",1
"Bardaxima lucilinea",1
"Basicladus tracyi",1
"Basilodes chrysopis",1
"Basilodes pepita",1
"Basiothia medea",5
"Bathyphlebia eminens",1
"Bathytricha aethalion",1
"Bathytricha truncata",3
"Batocnema africanus",1
"Batrachedra pinicolella",2
"Batrachedra praeangusta",1
"Batrachedra striolata",2
"Battaristis vittella",3
"Battus belus",1
"Battus lycidas",1
"Bedellia somnulentella",9
"Behrensia conchiformis",2
"Bellura brehmei",1
"Bellura densa",4
"Bellura gortynoides",2
"Bellura obliqua",4
"Bembecia ichneumoniformis",4
"Bembecia stiziformis",4
"Bena bicolorana",1
"Bendisodes aeolia",1
"Benjaminiola colorada",2
"Beralade bistrigata",1
"Berta chrysolineata",2
"Bertula bistrigata",1
"Besma endropiaria",9
"Bibarrambla allenella",3
"Bicyclus vulgaris",1
"Bindahara phocides",2
"Biston abruptaria",5
"Biston betularia",80
"Biston regalis",8
"Biston robustum",1
"Biston strataria",2
"Biston suppressaria",20
"Biston thoracicaria",2
"Blastobasis decolorella",3
"Blastobasis floridella",1
"Blastobasis glandulella",5
"Blastobasis yuccaecolella",1
"Blastodacna atra",1
"Blastodacna hellerella",1
"Blenina chlorophila",1
"Blenina donans",1
"Blepharita amica",7
"Bleszynskia malacelloides",1
"Bocchoris inspersalis",1
"Bocula sejuncta",1
"Bohemannia auriciliella",2
"Bohemannia pulverosella",2
"Bohemannia quadrimaculella",1
"Boloria euphrosyne",2
"Boloria natazhati",1
"Bombycomorpha pallida",2
"Bombyx mori",3
"Bondia comonana",4
"Bondia nigella",1
"Borbo borbonica",2
"Borbo cinnara",10
"Borkhausenia minutella",1
"Botyodes asialis",9
"Bracharoa quadripunctata",4
"Brachionycha borealis",1
"Brachionycha nubeculosa",7
"Brachyacma palpigera",5
"Brachylomia algens",3
"Brachylomia populi",2
"Brachylomia viminalis",5
"Bradina admixtalis",1
"Brahmaea wallichii",2
"Brenthia pavonacella",3
"Brenthis hecate",1
"Brenthis ino",11
"Brephidium isophthalma",4
"Brintesia circe",10
"Brithys crini",8
"Bryotropha basaltinella",1
"Bryotropha galbanella",1
"Bucculatrix ainsliella",3
"Bucculatrix albedinella",1
"Bucculatrix ambrosiaefoliella",3
"Bucculatrix angustata",1
"Bucculatrix argentisignella",1
"Bucculatrix artemisiella",1
"Bucculatrix bechsteinella",2
"Bucculatrix canadensisella",3
"Bucculatrix cidarella",2
"Bucculatrix cristatella",1
"Bucculatrix fatigatella",2
"Bucculatrix frangutella",2
"Bucculatrix maritima",1
"Bucculatrix nigricomella",1
"Bucculatrix noltei",1
"Bucculatrix parthenica",1
"Bucculatrix pomifoliella",9
"Bucculatrix ratisbonensis",1
"Bucculatrix sexnotata",2
"Bucculatrix thoracella",3
"Bucculatrix trifasciella",1
"Bucculatrix ulmella",3
"Buckleria paludum",2
"Bulia deducta",1
"Bunaeopsis licharbas",1
"Bungalotis diophorus",1
"Bungalotis erythus",3
"Bupalus piniaria",11
"Busseola fusca",8
"Byblia ilithyia",1
"Cabares potrillo",1
"Cabera borealis",2
"Cabera exanthemata",8
"Cabera pusaria",5
"Cabera variolaria",4
"Cacocharis cymotoma",1
"Cacoecimorpha pronubana",8
"Cactoblastis cactorum",16
"Cactobrosis fernaldialis",4
"Cadra cautella",54
"Cadra figulilella",13
"Caenurgina crassiuscula",2
"Caenurgina erechtea",4
"Cahela ponderosella",1
"Caio championi",1
"Caio richardsoni",1
"Calamotropha paludella",1
"Calephelis borealis",1
"Calephelis laverna",1
"Calephelis nemesis",4
"Calephelis perditalis",1
"Calephelis virginiensis",1
"Calephelis wrighti",1
"Calesia zambesita",2
"Calguia defiguralis",4
"Calicha ornataria",2
"Calicotis crucifera",1
"Caligo idomeneus",1
"Caligo illioneus",5
"Calindoea atripunctalis",2
"Calledapteryx dryopterata",2
"Callionima nomius",1
"Callisto coffeella",2
"Callisto denticulella",2
"Callisto insperatella",2
"Calliteara abietis",3
"Calliteara angulata",3
"Calliteara grotei",15
"Calliteara horsfieldii",50
"Calliteara pudibunda",19
"Calliteara pura",2
"Callizzia amorata",1
"Callophrys affinis",2
"Callophrys dumetorum",11
"Callophrys sheridanii",4
"Callopistria cordata",2
"Callopistria floridensis",9
"Callopistria juventina",2
"Callopistria latreillei",1
"Callopistria mollissima",3
"Callopistria repleta",1
"Callopistria rivularis",2
"Callosamia angulifera",8
"Callosamia promethea",33
"Callosamia securifera",7
"Callyna monoleuca",2
"Calophasia lunula",2
"Caloptilia aceriella",1
"Caloptilia acerifoliella",1
"Caloptilia alchimiella",3
"Caloptilia alnivorella",6
"Caloptilia aurantiaca",2
"Caloptilia azaleella",6
"Caloptilia betulicola",2
"Caloptilia bimaculatella",1
"Caloptilia blandella",1
"Caloptilia burgessiella",3
"Caloptilia cornusella",4
"Caloptilia coroniella",2
"Caloptilia coruscans",1
"Caloptilia cuculipennella",4
"Caloptilia elongella",1
"Caloptilia falconipennella",1
"Caloptilia flavella",3
"Caloptilia fraxinella",2
"Caloptilia fribergensis",1
"Caloptilia hauderi",1
"Caloptilia hemidactylella",1
"Caloptilia hypericella",3
"Caloptilia invariabilis",7
"Caloptilia magnifica",1
"Caloptilia melanocarpae",1
"Caloptilia murtfeldtella",3
"Caloptilia negundella",1
"Caloptilia ostryaeella",1
"Caloptilia packardella",2
"Caloptilia perseae",1
"Caloptilia populetorum",1
"Caloptilia rhoifoliella",6
"Caloptilia roscipennella",1
"Caloptilia rufipennella",2
"Caloptilia sassafrasella",1
"Caloptilia scutellariella",2
"Caloptilia semifascia",2
"Caloptilia serotinella",1
"Caloptilia staintoni",1
"Caloptilia stigmatella",9
"Caloptilia superbifrontella",2
"Caloptilia umbratella",2
"Caloptilia violacella",3
"Calybites phasianipennella",7
"Calyptra canadensis",1
"Calyptra minuticornis",3
"Cameraria aceriella",4
"Cameraria bethunella",7
"Cameraria betulivora",3
"Cameraria caryaefoliella",7
"Cameraria castaneaeella",3
"Cameraria cincinnatiella",4
"Cameraria corylisella",2
"Cameraria gaultheriella",1
"Cameraria guttifinitella",2
"Cameraria hamameliella",1
"Cameraria hikosanensis",2
"Cameraria nemoris",1
"Cameraria niphonica",2
"Cameraria ohridella",1
"Cameraria ostryarella",2
"Cameraria pentekes",3
"Cameraria quercivorella",1
"Cameraria saccharella",4
"Cameraria ulmella",5
"Campaea margaritata",1
"Campaea perlata",23
"Camptogramma bilineata",4
"Canarsia ulmiarrosorella",2
"Canephora hirsuta",4
"Cania bandura",3
"Cania bilinea",4
"Cania siamensis",1
"Capperia evansi",2
"Capua vulgana",3
"Capusa stenophara",1
"Caradrina clavipalpis",1
"Caradrina morpheus",4
"Carales astur",10
"Carcharodus baeticus",1
"Carcharodus floccifera",1
"Carcina quercana",7
"Careades plana",1
"Cargida pyrrha",1
"Caria ino",2
"Caripeta aequaliaria",5
"Caripeta angustiorata",11
"Caripeta divisata",22
"Caripeta piniata",4
"Caristanius decoloralis",2
"Caristanius minimus",2
"Carmenta anthracipennis",2
"Carmenta bassiformis",2
"Carmenta engelhardti",1
"Carmenta mimuli",1
"Carmenta pyralidiformis",3
"Carnegia mirabilis",1
"Carposina autologa",1
"Carposina fernaldana",1
"Carposina sasakii",6
"Carriola ecnomoda",1
"Carsia sororiata",9
"Carterocephalus silvicola",2
"Caryocolum alsinella",5
"Caryocolum amaurella",1
"Caryocolum blandella",2
"Caryocolum blandelloides",2
"Caryocolum blandulella",3
"Caryocolum cassella",1
"Caryocolum cauligenella",7
"Caryocolum fischerella",2
"Caryocolum fraternella",6
"Caryocolum interalbicella",1
"Caryocolum junctella",3
"Caryocolum klosi",1
"Caryocolum kroesmanniella",5
"Caryocolum leucomelanella",6
"Caryocolum moehringiae",2
"Caryocolum mucronatella",5
"Caryocolum oculatella",1
"Caryocolum petryi",2
"Caryocolum saginella",2
"Caryocolum schleichi",4
"Caryocolum tischeriella",1
"Caryocolum tricolorella",4
"Caryocolum vicinella",6
"Caryocolum viscariella",5
"Carystus phorcus",1
"Casama vilis",2
"Castalius rosimon",4
"Castilia ofella",2
"Castnia licus",4
"Castniomera atymnius",2
"Catabena lineolata",2
"Catarhoe cuculata",2
"Catarhoe rubidata",1
"Catastega aceriella",6
"Cathyalia fulvella",1
"Catoblepia amphirhoe",1
"Catocala adultera",1
"Catocala agrippina",3
"Catocala aholibah",4
"Catocala amatrix",5
"Catocala amestris",3
"Catocala amica",10
"Catocala andromache",3
"Catocala andromedae",2
"Catocala angusi",2
"Catocala badia",3
"Catocala blandula",1
"Catocala briseis",1
"Catocala californica",1
"Catocala californiensis",1
"Catocala cara",1
"Catocala cerogama",2
"Catocala clintonii",4
"Catocala coccinata",4
"Catocala concumbens",3
"Catocala connubialis",3
"Catocala conversa",1
"Catocala crataegi",1
"Catocala dejecta",2
"Catocala delilah",1
"Catocala dissimilis",2
"Catocala dula",7
"Catocala duplicata",7
"Catocala flebilis",2
"Catocala fraxini",2
"Catocala fulminea",2
"Catocala gracilis",1
"Catocala grynea",3
"Catocala habilis",4
"Catocala herodias",2
"Catocala hyperconnexa",4
"Catocala ilia",4
"Catocala illecta",3
"Catocala innubens",2
"Catocala insolabilis",1
"Catocala judith",2
"Catocala lacrymosa",3
"Catocala lineella",5
"Catocala maestosa",3
"Catocala mcdunnoughi",1
"Catocala meskei",4
"Catocala micronympha",3
"Catocala minuta",1
"Catocala muliercula",1
"Catocala nebulosa",2
"Catocala neogama",4
"Catocala nuptialis",1
"Catocala nymphaea",1
"Catocala nymphagoga",3
"Catocala obscura",2
"Catocala ophelia",1
"Catocala palaeogama",9
"Catocala parta",5
"Catocala praeclara",3
"Catocala pretiosa",2
"Catocala promissa",1
"Catocala relicta",8
"Catocala residua",4
"Catocala retecta",4
"Catocala robinsonii",2
"Catocala sappho",1
"Catocala serena",2
"Catocala similis",2
"Catocala sponsa",1
"Catocala streckeri",6
"Catocala subnata",2
"Catocala ulalume",1
"Catocala ultronia",14
"Catocala unijuga",4
"Catochrysops panormus",1
"Catochrysops strabo",7
"Catonephele mexicana",1
"Catonephele numilia",7
"Catonephele orites",1
"Catopsilia florella",7
"Catopsilia scylla",12
"Catoptria falsella",1
"Catoptria pinella",2
"Catoryctis subparallela",1
"Cautethia grotei",2
"Cautethia noctuiformis",1
"Cautethia spuria",1
"Cedestis gysseleniella",4
"Cedestis subfasciella",3
"Celaena reniformis",1
"Celastrina neglectamajor",1
"Celiptera frustulum",1
"Celotes nessus",6
"Celypha cespitana",1
"Celypha doubledayana",1
"Celypha flavipalpana",1
"Celypha lacunana",5
"Celypha rufana",2
"Cenoloba obliteralis",1
"Centroctena imitans",1
"Centroctena rutherfordi",1
"Cephonodes hylas",29
"Cephonodes picus",14
"Cephrenes augiades",1
"Cepora abnormis",1
"Cepora perimale",1
"Cepphis advenaria",3
"Cepphis armataria",8
"Cepphis decoloraria",2
"Ceranemota fasciata",3
"Ceranemota improvisa",2
"Cerapteryx graminis",5
"Cerastis enigmatica",1
"Cerastis leucographa",1
"Cerastis rubricosa",4
"Cerastis tenebrifera",8
"Ceratinia tutia",3
"Ceratomia amyntor",5
"Ceratomia catalpae",5
"Ceratomia hageni",1
"Ceratomia undulosa",12
"Ceratonyx satanaria",2
"Cerconota anonella",8
"Cercyonis meadii",2
"Cercyonis sthenele",1
"Cerma cerintha",7
"Cerma cora",1
"Cerodirphia opis",1
"Cerura scitiscripta",6
"Cerura vinula",15
"Cethosia cyane",4
"Cethosia cydippe",2
"Cethosia hypsea",2
"Cethosia penthesilea",1
"Cetola pulchra",1
"Ceutholopha isidis",4
"Chaetaglaea sericea",3
"Chalcidoptera emissalis",1
"Chalciope alcyona",1
"Chalcocelis albiguttatus",17
"Chalcoela pegasalis",2
"Chalcoscelides castaneipars",7
"Chamaesphecia empiformis",1
"Characoma vallata",2
"Charadra deridens",5
"Charanyca trigrammica",3
"Charaxes acuminatus",1
"Charaxes ameliae",2
"Charaxes ansorgei",1
"Charaxes anticlea",3
"Charaxes aubyni",1
"Charaxes baumanni",5
"Charaxes berkeleyi",2
"Charaxes bernardus",13
"Charaxes boueti",5
"Charaxes brutus",8
"Charaxes candiope",5
"Charaxes castor",14
"Charaxes cedreatis",5
"Charaxes chintechi",1
"Charaxes cithaeron",15
"Charaxes cynthia",2
"Charaxes dilutus",1
"Charaxes druceanus",7
"Charaxes ethalion",16
"Charaxes etheocles",3
"Charaxes eudoxus",1
"Charaxes eupale",5
"Charaxes fulgurata",2
"Charaxes fulvescens",2
"Charaxes galleyanus",1
"Charaxes guderiana",8
"Charaxes hansali",2
"Charaxes jahlusa",2
"Charaxes kheili",1
"Charaxes lactetinctus",1
"Charaxes latona",4
"Charaxes lucretius",2
"Charaxes lycurgus",3
"Charaxes mafuga",1
"Charaxes marieps",2
"Charaxes martini",1
"Charaxes nichetes",2
"Charaxes numenes",8
"Charaxes nyikensis",1
"Charaxes penricei",1
"Charaxes phoebus",1
"Charaxes plantroui",6
"Charaxes pleione",1
"Charaxes pollux",4
"Charaxes pondoensis",2
"Charaxes protoclea",6
"Charaxes pythodoris",3
"Charaxes saturnus",1
"Charaxes subornatus",2
"Charaxes tiridates",14
"Charaxes vansoni",1
"Charaxes varanes",10
"Charaxes variata",1
"Charaxes viola",8
"Charaxes violetta",4
"Charaxes virilis",2
"Charaxes zingha",2
"Charaxes zoolina",4
"Chariaspilates formosaria",1
"Chasmina candida",2
"Chasmina tibialis",4
"Chazara prieuri",1
"Chelepteryx chalepteryx",1
"Chenuala heliaspis",3
"Cheritra freja",7
"Chersonesia risa",5
"Chersotis cuprea",1
"Chesias legatella",1
"Chesias rufata",1
"Chiasmia clathrata",1
"Chilades lajus",10
"Chilades pandava",13
"Chilo auricilia",9
"Chilo diffusilinea",3
"Chilo infuscatellus",2
"Chilo luteellus",2
"Chilo orichalcociliella",3
"Chilo partellus",9
"Chilo phragmitella",1
"Chilo plejadellus",1
"Chilo sacchariphagus",7
"Chilo suppressalis",22
"Chilo terrenellus",1
"Chilo tumidicostalis",1
"Chilocampyla dyariella",5
"Chilodes maritima",2
"Chimoptesis chrysopyla",1
"Chimoptesis pennsylvaniana",1
"Chioides catillus",5
"Chiomara asychis",3
"Chiomara mithrax",2
"Chionodes abella",2
"Chionodes bicostomaculella",1
"Chionodes braunella",7
"Chionodes continuella",1
"Chionodes dammersi",3
"Chionodes discoocellella",1
"Chionodes distinctella",1
"Chionodes electella",2
"Chionodes fondella",1
"Chionodes formosella",5
"Chionodes fumatella",1
"Chionodes fuscomaculella",1
"Chionodes lugubrella",4
"Chionodes mediofuscella",1
"Chionodes pereyra",1
"Chionodes periculella",2
"Chionodes petalumensis",1
"Chionodes psiloptera",1
"Chionodes retiniella",1
"Chionodes terminimaculella",2
"Chionodes thoraceochrella",2
"Chionodes trichostola",6
"Chionodes viduella",4
"Chlenias banksiaria",1
"Chlenias zonaea",2
"Chloantha hyperici",2
"Chlorerythra rubriplaga",2
"Chlorissa obliterata",1
"Chlorissa viridata",4
"Chlorochlamys appellaria",3
"Chlorochlamys chloroleucaria",19
"Chloroclysta miata",11
"Chloroclysta siterata",8
"Chloroclystis insigillata",2
"Chloroclystis v-ata",5
"Chloropteryx tepperaria",3
"Chlorosea nevadaria",2
"Chloroselas pseudozeritis",1
"Chlorostrymon simaethis",5
"Chlosyne californica",3
"Chlosyne janais",2
"Chlosyne melanarge",1
"Chlosyne rosita",3
"Chlumetia euthysticha",1
"Chlumetia transversa",4
"Choephora fungorum",2
"Chora huntei",1
"Choreutis diana",3
"Choreutis pariana",4
"Choristoneura biennis",3
"Choristoneura conflictana",17
"Choristoneura diversana",21
"Choristoneura fractivittana",9
"Choristoneura fumiferana",30
"Choristoneura hebenstreitella",7
"Choristoneura lambertiana",5
"Choristoneura occidentalis",11
"Choristoneura orae",2
"Choristoneura parallela",5
"Choristoneura pinus",10
"Choristoneura rosaceana",55
"Chorodna strixaria",1
"Chrysanympha formosa",3
"Chrysaster hagicola",2
"Chrysaster ostensackenella",3
"Chrysoclista lathamella",1
"Chrysoclista linneella",1
"Chrysodeixis acuta",21
"Chrysodeixis argentifera",2
"Chrysodeixis chalcites",66
"Chrysodeixis eriosoma",21
"Chrysoesthia lingulacella",1
"Chrysoesthia sexguttella",1
"Chrysonoma consularis",2
"Chytolita morbidalis",1
"Cicia crocata",1
"Cicinnus despecta",2
"Cicinnus melsheimeri",2
"Cidaria fulvata",2
"Cifuna locuples",10
"Cilix glaucata",2
"Cinabra hyperbius",4
"Cirina butyrospermi",1
"Cirina forda",22
"Cirrhophanus triangulifer",4
"Cisseps fulvicollis",1
"Cisthene faustinula",1
"Citheronia andina",2
"Citheronia aroa",2
"Citheronia bellavista",2
"Citheronia brissotii",4
"Citheronia hamifera",2
"Citheronia laocoon",20
"Citheronia lobesis",6
"Citheronia phoronea",3
"Citheronia regalis",31
"Citheronia sepulcralis",10
"Citheronia splendens",24
"Citheronia vogleri",5
"Citheronula armata",1
"Citioica anthonilis",2
"Citripestis eutraphera",6
"Cladara atroliturata",1
"Cladara limitaria",26
"Clanis bilineata",4
"Clanis phalaris",6
"Clanis titan",2
"Clemensia albata",6
"Cleora cinctaria",10
"Cleora dargei",4
"Cleora decisaria",1
"Cleora injectaria",13
"Cleora pavlitzkiae",2
"Cleora repetita",6
"Cleora rothkirchi",1
"Cleora sublunaria",2
"Clepsis clemensiana",3
"Clepsis consimilana",5
"Clepsis pallidana",4
"Clepsis persicana",34
"Clepsis rurinana",8
"Clepsis senecionana",6
"Clepsis spectrana",13
"Clossiana dia",5
"Clossiana freija",7
"Clossiana frigga",4
"Clossiana improba",3
"Clossiana thore",5
"Clossiana titania",16
"Clostera albosigma",5
"Clostera anachoreta",9
"Clostera anastomosis",2
"Clostera apicalis",5
"Clostera brucei",2
"Clostera curtula",12
"Clostera inclusa",5
"Clostera inornata",1
"Clostera lentisignata",2
"Clostera pigra",15
"Clostera rubida",1
"Clostera strigosa",2
"Clydonopteron sacculana",1
"Clytie illunaris",1
"Cnaemidophorus rhododactyla",1
"Cnaphalocrocis bilinealis",1
"Cnaphalocrocis exigua",2
"Cnaphalocrocis medinalis",17
"Cnaphalocrocis poeyalis",1
"Cnaphalocrocis trapezalis",16
"Cnephasia asseclana",7
"Cnephasia communana",1
"Cnephasia genitalana",1
"Cnephasia jactatana",1
"Cnephasia longana",21
"Cnephasia pasiuana",15
"Cnephasia stephensiana",7
"Cnethodonta grisescens",1
"Cobalus calvina",1
"Cobalus virbius",2
"Cochisea sinuaria",3
"Cochylidia heydeniana",3
"Cochylidia moguntiana",1
"Cochylidia richteriana",1
"Cochylidia rupicola",4
"Cochylidia subroseana",1
"Cochylimorpha alternana",1
"Cochylimorpha straminea",4
"Cochylis atricapitana",1
"Cochylis dubitana",7
"Cochylis epilinana",7
"Cochylis flaviciliana",1
"Cochylis hybridella",2
"Cochylis nana",1
"Cochylis pallidana",1
"Cochylis posterana",9
"Cocytius antaeus",3
"Cocytius duponchel",3
"Codatractus alcaeus",2
"Coelonia fulvinotata",26
"Coelonia solani",1
"Coenina aurivena",1
"Coenipeta bibitrix",1
"Coenobia rufa",3
"Coenocalpe lapidata",1
"Coenonympha dorus",5
"Coenonympha hero",2
"Coenophila opacifrons",2
"Coenophila subrosea",6
"Coenotes eremophilae",4
"Cogia caicus",1
"Cogia calchas",1
"Cogia outis",1
"Coleophora absinthii",1
"Coleophora adjunctella",2
"Coleophora adspersella",1
"Coleophora albella",1
"Coleophora albicostella",1
"Coleophora albidella",1
"Coleophora alnifoliae",1
"Coleophora alticolella",1
"Coleophora antennariella",1
"Coleophora arctostaphyli",1
"Coleophora argentula",1
"Coleophora artemisicolella",1
"Coleophora atriplicis",3
"Coleophora auricella",1
"Coleophora badiipennella",1
"Coleophora bilineella",3
"Coleophora binderella",2
"Coleophora caelebipennella",1
"Coleophora caespititiella",1
"Coleophora colutella",1
"Coleophora comptoniella",2
"Coleophora concolorella",2
"Coleophora congeriella",1
"Coleophora conspicuella",1
"Coleophora cornella",1
"Coleophora coronillae",1
"Coleophora cratipennella",3
"Coleophora cretaticostella",1
"Coleophora currucipennella",6
"Coleophora deauratella",5
"Coleophora dianthi",2
"Coleophora directella",1
"Coleophora discordella",1
"Coleophora ditella",2
"Coleophora duplicis",4
"Coleophora elaeagnisella",3
"Coleophora eupreta",1
"Coleophora fagicorticella",2
"Coleophora flavipennella",2
"Coleophora frischella",3
"Coleophora gallipennella",1
"Coleophora gaylussaciella",1
"Coleophora glaucella",5
"Coleophora glaucicolella",1
"Coleophora glitzella",1
"Coleophora granifera",1
"Coleophora granulatella",1
"Coleophora gryphipennella",1
"Coleophora helianthemella",2
"Coleophora hemerobiella",1
"Coleophora ibipennella",2
"Coleophora idaeella",1
"Coleophora inulae",2
"Coleophora klimeschiella",3
"Coleophora laticornella",4
"Coleophora ledi",3
"Coleophora lentella",2
"Coleophora limosipennella",5
"Coleophora lineapulvella",3
"Coleophora lithargyrinella",2
"Coleophora maritella",2
"Coleophora mayrella",1
"Coleophora millefolii",1
"Coleophora monardella",1
"Coleophora nutantella",2
"Coleophora obscenella",2
"Coleophora ochrea",1
"Coleophora ostryae",3
"Coleophora otidipennella",2
"Coleophora pappiferella",1
"Coleophora paripennella",1
"Coleophora parthenica",3
"Coleophora peribenanderi",1
"Coleophora persimplexella",2
"Coleophora plumbella",2
"Coleophora pruniella",9
"Coleophora quadrilineella",2
"Coleophora querciella",5
"Coleophora ramosella",1
"Coleophora sacramenta",2
"Coleophora salicivorella",1
"Coleophora serratella",8
"Coleophora sexdentatella",1
"Coleophora sibiricella",1
"Coleophora silenella",3
"Coleophora solitariella",1
"Coleophora squamosella",1
"Coleophora sternipennella",1
"Coleophora striatipennella",3
"Coleophora succursella",1
"Coleophora sylvaticella",1
"Coleophora taeniipennella",1
"Coleophora tanaceti",1
"Coleophora therinella",1
"Coleophora thulea",1
"Coleophora tiliaefoliella",1
"Coleophora trifolii",2
"Coleophora trochilella",1
"Coleophora vacciniella",3
"Coleophora versurella",2
"Coleophora vestianella",1
"Coleophora vitisella",1
"Coleophora wyethiae",1
"Coleotechnites albicostata",1
"Coleotechnites atrupictella",12
"Coleotechnites blastovora",1
"Coleotechnites canusella",4
"Coleotechnites florae",3
"Coleotechnites macleodi",1
"Coleotechnites occidentis",2
"Coleotechnites piceaella",5
"Coleotechnites quercivorella",1
"Coleotechnites starki",1
"Coleotechnites thujaella",1
"Colias alfacariensis",2
"Colias behrii",2
"Colias crocea",2
"Colias electo",2
"Colias gigantea",2
"Colias hyperborea",1
"Colias lesbia",14
"Colias meadii",6
"Colias occidentalis",5
"Colias scudderii",2
"Collinsa acutalis",1
"Collix ghosha",1
"Colobochyla salicalis",2
"Colocasia coryli",19
"Colocasia flavicornis",6
"Colocasia propinquilinea",10
"Colocleora divisaria",11
"Colocleora proximaria",3
"Coloradia pandora",12
"Colostygia pectinataria",2
"Colostygia turbata",1
"Colotis auxo",1
"Colotis eris",1
"Colotis erone",1
"Colotis etrida",1
"Colotis fausta",2
"Colotis phisadia",1
"Colotis vesta",1
"Colotis vestalis",1
"Colotois pennaria",27
"Comadia redtenbacheri",1
"Comibaena attenuata",1
"Comibaena leucospilata",3
"Comostola laesaria",6
"Comostolopsis germana",2
"Composia fidelissima",4
"Conchylodes ovulalis",1
"Conchylodes platinalis",1
"Condica capensis",9
"Condica concisa",2
"Condica cupentia",3
"Condica dolorosa",2
"Condica illecta",4
"Condica mobilis",1
"Condica sutor",6
"Condica vecors",1
"Condica videns",5
"Condylorrhiza vestigialis",3
"Conistra grisescens",3
"Conistra rubiginea",1
"Conistra vaccinii",8
"Conogethes evaxalis",6
"Conogethes punctiferalis",49
"Conopomorpha cramerella",7
"Conopomorpha litchiella",5
"Conopomorpha sinensis",3
"Conopomorphina ochnivora",1
"Consul fabius",9
"Copablepharon viridisparsa",2
"Copaeodes aurantiaca",2
"Copamyntis infusella",3
"Copamyntis obliquifasciella",2
"Copaxa canella",4
"Copaxa decrescens",1
"Copaxa denda",1
"Copaxa escalantei",1
"Copaxa evelynae",1
"Copaxa lavendera",6
"Copaxa mannana",5
"Copaxa moinieri",1
"Copaxa multifenestrata",3
"Copaxa rufinans",2
"Copaxa semioculata",1
"Copaxa simson",1
"Copiopteryx semiramis",3
"Copivaleria grotei",1
"Coptobasis lunalis",7
"Coptodisca kalmiella",1
"Coptodisca lucifluella",1
"Coptodisca negligens",1
"Coptodisca splendoriferella",1
"Corcyra cephalonica",34
"Cornutiplusia circumflexa",2
"Corticea corticea",1
"Corynophora torrentellus",1
"Coryphista meadii",3
"Coscinia cribraria",7
"Coscinocera hercules",5
"Cosmardia moritzella",1
"Cosmia affinis",3
"Cosmia calami",7
"Cosmia diffinis",2
"Cosmia pyralina",4
"Cosmia trapezina",20
"Cosmopterix clemensella",2
"Cosmopterix lienigiella",2
"Cosmopterix pulchrimella",2
"Cosmopterix scribaiella",2
"Cosmopterix zieglerella",3
"Cosmorhoe ocellata",1
"Cosmosoma auge",5
"Cosmotriche lobulina",2
"Cossula magnifica",4
"Cossus chloratus",2
"Cossus cossus",21
"Cozola subrana",2
"Crambus hamella",1
"Crambus laqueatellus",1
"Crambus lathoniellus",1
"Crambus praefectellus",1
"Craniophora fasciata",1
"Craniophora ligustri",3
"Crassivesica bochus",1
"Creatonotos gangis",15
"Creatonotos leucanioides",2
"Creatonotos transiens",21
"Cremastobombycia grindeliella",3
"Cremastobombycia ignota",5
"Cremastobombycia lantanella",1
"Cremastobombycia solidaginis",7
"Cremastobombycia verbesinella",1
"Cressida cressida",3
"Cricula andrei",4
"Cricula trifenestrata",31
"Crinodes besckei",1
"Crocallis elinguaria",16
"Crocidolomia luteolalis",2
"Crocidolomia pavonana",18
"Crocidophora serratissimalis",2
"Crocidosema plebejana",28
"Crocigrapha normani",24
"Crombrugghia distans",2
"Crombrugghia laetus",1
"Cropia minthe",1
"Cryphia ochsi",1
"Cryptoblabes bistriga",4
"Cryptoblabes gnidiella",44
"Cryptoblabes hemigypsa",7
"Cryptoblabes plagioleuca",4
"Cryptocala acadiensis",8
"Cryptophasa aglaodes",1
"Cryptophasa albacosta",1
"Cryptophasa balteata",2
"Cryptophasa delocentra",1
"Cryptophasa epadelpha",2
"Cryptophasa flavolineata",1
"Cryptophasa irrorata",1
"Cryptophasa nephrosema",1
"Cryptophasa pultenae",1
"Cryptophasa rubescens",1
"Cryptophasa spilonota",2
"Cryptophlebia iridosoma",1
"Cryptophlebia ombrodelta",49
"Cryptophlebia peltastica",15
"Cryptophlebia rhynchias",4
"Cryptophlebia semilunana",4
"Cryptothelea gloverii",9
"Ctenoplusia oxygramma",4
"Ctenopseustis obliquana",10
"Ctenucha multifaria",1
"Ctenucha virginica",10
"Cucullia absinthii",2
"Cucullia argentea",2
"Cucullia artemisiae",2
"Cucullia asteris",3
"Cucullia astigma",2
"Cucullia chamomillae",3
"Cucullia convexipennis",3
"Cucullia dorsalis",1
"Cucullia eulepis",1
"Cucullia florea",4
"Cucullia fraudatrix",1
"Cucullia gnaphalii",1
"Cucullia intermedia",7
"Cucullia lactucae",4
"Cucullia lucifuga",11
"Cucullia lychnitis",2
"Cucullia postera",1
"Cucullia scrophulariae",2
"Cucullia speyeri",1
"Cucullia umbratica",5
"Cucullia verbasci",1
"Cupha erymanthis",13
"Cupha prosope",4
"Curetis bulis",3
"Cutina albopunctella",1
"Cyaniris semiargus",4
"Cybosia mesomella",2
"Cyclidia substigmaria",1
"Cyclodes omma",2
"Cycloglypha thrasibulus",1
"Cyclophora albipunctata",3
"Cyclophora dataria",3
"Cyclophora myrtaria",4
"Cyclophora nanaria",5
"Cyclophora packardi",1
"Cyclophora pendularia",1
"Cyclophora pendulinaria",13
"Cyclophora punctaria",1
"Cyclophora puppillaria",1
"Cycnia oregonensis",2
"Cycnia tenera",4
"Cydalima laticostalis",6
"Cydia amplana",1
"Cydia anaranjada",2
"Cydia caryana",4
"Cydia cognatana",1
"Cydia coniferana",4
"Cydia corollana",1
"Cydia cosmophorana",2
"Cydia deshaisiana",3
"Cydia duplicana",1
"Cydia fletcherana",1
"Cydia illutana",5
"Cydia indivisa",2
"Cydia inopiosa",2
"Cydia latiferreana",7
"Cydia leguminana",1
"Cydia medicaginis",2
"Cydia membrosa",2
"Cydia nigricana",7
"Cydia pactolana",1
"Cydia piperana",5
"Cydia pomonella",16
"Cydia populana",2
"Cydia rana",2
"Cydia servillana",2
"Cydia splendana",2
"Cydia strobilella",2
"Cydia toreuta",4
"Cydia ulicetana",1
"Cyligramma latona",2
"Cyllopsis gemma",1
"Cyllopsis pertepida",2
"Cymaenes alumna",1
"Cymaenes odilia",4
"Cymaenes tripunctus",3
"Cymatophora approximaria",4
"Cymbalophora pudica",1
"Cymolomia hartigiana",6
"Cymothoe alcimeda",1
"Cymothoe beckeri",1
"Cymothoe caenis",5
"Cymothoe coccinata",1
"Cymothoe coranus",5
"Cymothoe jodutta",1
"Cymothoe reinholdi",1
"Cymothoe sangaris",1
"Cynaeda dentalis",3
"Cypa decolor",1
"Cyrestis acilia",3
"Cyrestis nivea",1
"Cyrestis thyodamas",21
"Dactylioglypha tonica",3
"Dactyloceras lucina",1
"Dahlica inconspicuella",1
"Danaus affinis",3
"Danaus erippus",8
"Daphnis hypothous",6
"Daphnis nerii",29
"Daphnis placida",2
"Daphnusa ocellaris",1
"Dappula tertia",9
"Darapsa choerilus",12
"Darapsa myron",4
"Darapsa versicolor",6
"Dargida grammivora",1
"Dargida procinctus",8
"Dasychira atrivenosa",1
"Dasychira basiflava",5
"Dasychira grisefacta",15
"Dasychira leucophaea",6
"Dasychira manto",4
"Dasychira meridionalis",9
"Dasychira obliquata",5
"Dasychira plagiata",31
"Dasychira tephra",2
"Dasychira vagans",18
"Dasylophia anguina",5
"Dasylophia guarana",2
"Dasylophia thyatiroides",1
"Dasypolia templi",7
"Dasypyga alternosquamella",5
"Dasystoma salicella",1
"Datana angusii",6
"Datana contracta",6
"Datana drexelii",6
"Datana integerrima",13
"Datana major",8
"Datana ministra",57
"Datana perspicua",5
"Davara caricae",2
"Decachorda aspersa",1
"Decantha borkhausenii",1
"Declana floccosa",4
"Decodes asapheus",5
"Decodes basiplagana",2
"Decodes fragariana",8
"Deidamia inscriptum",5
"Deilephila elpenor",13
"Deilephila porcellus",6
"Deileptenia ribeata",7
"Delgamma pangonia",1
"Delias eucharis",8
"Delias pasithoe",13
"Delphyre rufiventris",1
"Deltophora peltosema",1
"Deltote bankiana",3
"Deltote deceptoria",1
"Deltote uncula",3
"Dendrolimus pini",8
"Dendrolimus superans",1
"Depressaria absynthiella",2
"Depressaria artemisiae",2
"Depressaria badiella",3
"Depressaria chaerophylli",1
"Depressaria cinereocostella",6
"Depressaria constancei",1
"Depressaria daucella",4
"Depressaria douglasella",1
"Depressaria gallicella",1
"Depressaria heydenii",1
"Depressaria hofmanni",2
"Depressaria leucocephala",1
"Depressaria libanotidella",1
"Depressaria marcella",2
"Depressaria multifidae",3
"Depressaria olerella",1
"Depressaria pastinacella",4
"Depressaria pimpinellae",2
"Depressaria pulcherrimella",1
"Depressaria silesiaca",2
"Depressaria togata",4
"Depressaria ululana",1
"Depressaria veneficella",2
"Desmeocraera vernalis",1
"Desmia funeralis",4
"Desmia ploralis",1
"Desmia tages",1
"Desmia ufeus",2
"Deudorix epijarbas",17
"Deudorix livia",5
"Deuterollyta majuscula",7
"Diachrysia aereoides",4
"Diachrysia balluca",4
"Diachrysia chrysitis",9
"Diachrysia chryson",1
"Diacrisia sannio",7
"Diacrotricha fasciola",2
"Diaethria astala",2
"Diaethria candrena",1
"Diaethria clymena",2
"Diaethria marchalii",1
"Dialectica pyramidota",1
"Dialectica scalariella",1
"Diaphania hyalinata",13
"Diaphania indica",22
"Diaphania nitidalis",9
"Diaphone eumela",7
"Diaphora mendica",8
"Diarsia brunnea",1
"Diarsia dahlii",1
"Diarsia esurialis",1
"Diarsia florida",1
"Diarsia mendica",2
"Diarsia rubi",2
"Diasemia accalis",1
"Diastema tigris",1
"Diastictis fracturalis",1
"Diatraea evanescens",1
"Diatraea lineolata",4
"Diatraea saccharalis",26
"Dicallomera fascelina",18
"Dichelia histrionana",2
"Dichelopa panoplana",1
"Dichogama redtenbacheri",3
"Dichomeris acuminatus",20
"Dichomeris aglaia",1
"Dichomeris bilobella",1
"Dichomeris georgiella",1
"Dichomeris helianthemi",1
"Dichomeris inserrata",1
"Dichomeris juncidella",5
"Dichomeris juniperella",1
"Dichomeris latipennella",1
"Dichomeris leuconotella",5
"Dichomeris levisella",4
"Dichomeris ligulella",17
"Dichomeris limosellus",2
"Dichomeris marginella",6
"Dichomeris mesoctenis",1
"Dichomeris nonstrigella",1
"Dichomeris ochripalpella",3
"Dichomeris rasilella",2
"Dichomeris santarosensis",1
"Dichomeris serrativittella",1
"Dichomeris setosella",5
"Dichomeris ustalella",4
"Dichomeris vacciniella",2
"Dichomeris vindex",1
"Dichorda illustraria",2
"Dichorda iridaria",3
"Dichrorampha acuminatana",2
"Dichrorampha aeratana",1
"Dichrorampha alpinana",3
"Dichrorampha consortana",1
"Dichrorampha flavidorsana",1
"Dichrorampha gueneeana",2
"Dichrorampha montanana",2
"Dichrorampha petiverella",2
"Dichrorampha plumbagana",1
"Dichrorampha plumbana",3
"Dichrorampha sedatana",4
"Dichrorampha sequana",2
"Dichrorampha simpliciana",1
"Dichrorampha sylvicolana",1
"Dicymolomia julianalis",5
"Digama aganais",2
"Digama hearseyana",3
"Digama marmorea",1
"Diloba caeruleocephala",9
"Dindica polyphaenaria",3
"Dindica virescens",6
"Dinia eagrus",1
"Dione moneta",6
"Dioryctria abietella",16
"Dioryctria abietivorella",17
"Dioryctria amatella",4
"Dioryctria auranticella",4
"Dioryctria banksiella",1
"Dioryctria clarioralis",2
"Dioryctria disclusa",6
"Dioryctria ebeli",1
"Dioryctria erythropasa",2
"Dioryctria mendacella",1
"Dioryctria pentictonella",1
"Dioryctria pseudotsugella",1
"Dioryctria pygmaeella",2
"Dioryctria reniculelloides",2
"Dioryctria schuetzeella",1
"Dioryctria simplicella",3
"Dioryctria sylvestrella",5
"Diphthera festiva",7
"Dirades theclata",4
"Dircenna dero",7
"Dircenna klugii",7
"Dirphia avia",12
"Dirphia moderata",2
"Dirphia monticola",1
"Dirphia panamensis",3
"Dirphia tarquinia",4
"Dirphiopsis epiolina",1
"Dirphiopsis flora",1
"Disclisioprocta stellata",7
"Discophora sondaica",3
"Disphragis mephitis",1
"Ditula angustiorana",17
"Diurnea fagella",5
"Diurnea phryganella",3
"Dolba hyloeus",10
"Doleschallia bisaltide",18
"Dolicharthria punctalis",1
"Dolichobela celidograpta",1
"Doloessa ochrociliella",1
"Doloessa viridis",9
"Donacaula forficella",2
"Donacaula mucronella",2
"Doratifera oxleyi",1
"Doratifera quadriguttata",3
"Doratifera vulnerans",7
"Dorithia semicirculana",2
"Doryodes bistrialis",1
"Dovania poecila",1
"Doxocopa cyane",1
"Doxocopa pavon",2
"Drasteria adumbrata",1
"Drasteria divergens",1
"Drasteria edwardsii",1
"Drasteria grandirena",1
"Drasteria hudsonica",1
"Drasteria mirifica",1
"Drasteria ochracea",2
"Drepana arcuata",7
"Drepana bilineata",7
"Drepana curvatula",4
"Drepana falcataria",7
"Drepanulatrix baueraria",1
"Drepanulatrix monicaria",4
"Drupadia ravindra",5
"Drupadia theda",1
"Dryadaula terpsichorella",4
"Dryadula phaetusa",13
"Dryobotodes eremita",1
"Dryobotodes monochroma",1
"Dryocampa rubicunda",14
"Dudua aprobola",34
"Dudua phyllanthana",1
"Duliophyle agitata",2
"Duliophyle majuscularia",1
"Duponchelia fovealis",2
"Dymasia dymas",2
"Dynamine agacles",5
"Dynamine artemisia",1
"Dynamine dyonis",1
"Dynamine myrrhina",3
"Dynamine tithia",2
"Dynastor darius",10
"Dyops chromatophila",2
"Dyotopasta yumaella",1
"Dypterygia patina",1
"Dypterygia scabriuscula",4
"Dyrzela plagiata",2
"Dysallacta negatalis",3
"Dysdaemonia boreas",4
"Dysdaemonia fosteri",1
"Dyseriocrania griseocapitella",1
"Dysgonia algira",4
"Dysgonia derogans",1
"Dysgonia palumba",3
"Dysgonia torrida",2
"Dysodia lutescens",1
"Dysodia oculatana",2
"Dyspessa ulula",2
"Dysphania malayanus",2
"Dyspteris abortivaria",2
"Dysstroma citrata",11
"Dysstroma hersiliata",1
"Dysstroma sobria",1
"Dysstroma truncata",3
"Eacles imperialis",111
"Eacles masoni",2
"Eacles ormondei",2
"Eacles penelope",11
"Eana argentana",3
"Eana incanana",3
"Eana penziana",3
"Earias biplaga",24
"Earias clorana",7
"Earias cupreoviridis",7
"Earias flavida",2
"Earias insulana",27
"Earias luteolaria",3
"Earias vernana",1
"Ebusus ebusus",2
"Eccopsis incultana",2
"Eccopsis nebulana",1
"Eccopsis wahlbergiana",3
"Ecdytolopha insiticiana",2
"Ecliptopera capitata",1
"Ecliptopera silaceata",2
"Ectoedemia agrimoniae",1
"Ectoedemia albibimaculella",1
"Ectoedemia albifasciella",4
"Ectoedemia angulifasciella",4
"Ectoedemia arcuatella",5
"Ectoedemia argyropeza",1
"Ectoedemia atricollis",8
"Ectoedemia atrifrontella",2
"Ectoedemia caradjai",1
"Ectoedemia cerris",1
"Ectoedemia clemensella",1
"Ectoedemia contorta",1
"Ectoedemia erythrogenella",4
"Ectoedemia hannoverella",3
"Ectoedemia heringella",1
"Ectoedemia heringi",3
"Ectoedemia intimella",5
"Ectoedemia klimeschi",1
"Ectoedemia liechtensteini",1
"Ectoedemia longicaudella",2
"Ectoedemia mahalebella",6
"Ectoedemia marmaropa",1
"Ectoedemia minimella",4
"Ectoedemia nyssaefoliella",1
"Ectoedemia occultella",5
"Ectoedemia platanella",1
"Ectoedemia populella",1
"Ectoedemia pubescivora",1
"Ectoedemia quadrinotata",2
"Ectoedemia quinquella",2
"Ectoedemia rubivora",5
"Ectoedemia rufifrontella",1
"Ectoedemia sericopeza",2
"Ectoedemia similella",1
"Ectoedemia spinosella",2
"Ectoedemia spiraeae",1
"Ectoedemia subbimaculella",3
"Ectoedemia trinotata",1
"Ectoedemia turbidella",3
"Ectoedemia ulmella",1
"Ectoedemia virgulae",1
"Ectoedemia weaveri",1
"Ectomyelois ceratoniae",43
"Ectomyelois muriscis",4
"Ectropis bhurmitra",40
"Ectropis crepuscularia",63
"Ectropis excellens",29
"Ectropis excursaria",1
"Ectropis obliqua",20
"Egira alternans",4
"Egira cognata",1
"Egira crucialis",3
"Egira curialis",3
"Egira dolosa",7
"Egira februalis",2
"Egira hiemalis",10
"Egira perlubens",5
"Egira rubrica",1
"Egira simplex",6
"Eido trimaculella",2
"Eilema bicolor",19
"Eilema complana",2
"Eilema lurideola",1
"Elachista albidella",2
"Elachista albifrontella",6
"Elachista alpinella",1
"Elachista apicipunctella",8
"Elachista argentella",2
"Elachista atricomella",2
"Elachista bedellella",4
"Elachista biatomella",1
"Elachista bisulcella",2
"Elachista canapennella",3
"Elachista chrysodesmella",1
"Elachista cingillella",1
"Elachista collitella",1
"Elachista diederichsiella",1
"Elachista dispilella",1
"Elachista dispunctella",2
"Elachista epimicta",1
"Elachista gangabella",2
"Elachista gleichenella",1
"Elachista heringi",1
"Elachista humilis",1
"Elachista irrorata",2
"Elachista luticomella",1
"Elachista madarella",3
"Elachista orestella",1
"Elachista poae",2
"Elachista pollinariella",1
"Elachista pomerana",1
"Elachista quadripunctella",1
"Elachista rufocinerea",3
"Elachista subalbidella",1
"Elachista subnigrella",1
"Elachista subocellea",1
"Elachista triatomea",2
"Elaphria agrotina",4
"Elaphria chalcedonia",4
"Elaphria deltoides",1
"Elaphria festivoides",2
"Elaphria grata",2
"Elaphria nucicolora",2
"Elaphria venustula",1
"Elaphria versicolor",15
"Elasmopalpus lignosellus",35
"Eldana saccharina",7
"Electrophaes corylata",8
"Elegia similella",2
"Eligma narcissus",3
"Ellida caniplaga",1
"Elophila difflualis",3
"Elophila nymphaeata",1
"Elophila responsalis",4
"Elusa ceneusalis",1
"Elymiotis longara",1
"Elymnias nesaea",2
"Emarginea percara",2
"Ematurga amitaria",3
"Ematurga atomaria",17
"Emesis diogenia",1
"Emesis emesia",1
"Emesis mandana",4
"Emesis russula",2
"Emmelina monodactyla",14
"Enargia decolor",6
"Enargia infumata",3
"Enargia paleacea",1
"Enarmonia formosana",3
"Endothenia ericetana",4
"Endothenia gentianaeana",1
"Endothenia hebesana",10
"Endothenia lapideana",1
"Endothenia marginana",1
"Endothenia nigricostana",2
"Endothenia oblongana",1
"Endothenia quadrimaculana",4
"Endothenia ustulana",1
"Endotricha mesenterialis",5
"Endotricha puncticostalis",1
"Endromis versicolora",5
"Endrosis sarcitrella",1
"Ennomos alniaria",2
"Ennomos autumnaria",8
"Ennomos erosaria",1
"Ennomos fuscantaria",1
"Ennomos magnaria",26
"Ennomos quercinaria",2
"Ennomos subsignaria",35
"Enosis pruinosa",1
"Enpinanga borneensis",1
"Entephria caesiata",6
"Entephria flavicinctata",5
"Entephria multivagata",1
"Entephria nobiliaria",1
"Entephria polata",1
"Enteucha acetosae",3
"Entomogramma torsa",1
"Enyo lugubris",5
"Enyo ocypete",2
"Enypia griseata",11
"Enypia packardata",11
"Enypia venata",12
"Eochrois leiochroa",1
"Eooxylides tharis",1
"Eoparargyractis plevie",3
"Eoreuma loftini",6
"Eosphoropteryx thyatyroides",4
"Epagoge grotiana",2
"Epanaphe carteri",2
"Epanaphe moloneyi",4
"Epargyreus socus",1
"Epargyreus tmolis",5
"Epargyreus zestos",1
"Epelis truncataria",2
"Epermenia albapunctella",3
"Epermenia chaerophyllella",3
"Ephestia elutella",10
"Ephestia kuehniella",10
"Ephestia parasitella",2
"Ephestiodes gilvescentella",5
"Ephestiodes infimella",2
"Ephysteris promptella",1
"Ephysteris subdiminutella",2
"Epiblema carolinana",1
"Epiblema cirsiana",2
"Epiblema costipunctana",1
"Epiblema desertana",1
"Epiblema foenella",3
"Epiblema graphana",1
"Epiblema hepaticana",1
"Epiblema otiosana",6
"Epiblema resumptana",1
"Epiblema scudderiana",7
"Epiblema scutulana",2
"Epiblema sticticana",1
"Epiblema strenuana",7
"Epiblema tripartitana",2
"Epichoristodes acerbella",5
"Epicoma melanosticta",1
"Epicoma protrahens",1
"Epicopeia hainesii",1
"Epiglaea apiata",1
"Epiglaea decliva",2
"Epimecis detexta",1
"Epimecis hortaria",4
"Epimorius testaceellus",1
"Epina dichromella",1
"Epinotia abbreviana",1
"Epinotia albangulana",1
"Epinotia arctostaphylana",4
"Epinotia brunnichana",1
"Epinotia caprana",1
"Epinotia castaneana",1
"Epinotia columbia",1
"Epinotia crenana",3
"Epinotia criddleana",3
"Epinotia cruciana",6
"Epinotia demarniana",1
"Epinotia emarginana",12
"Epinotia fraternana",2
"Epinotia hopkinsana",3
"Epinotia johnsonana",1
"Epinotia kasloana",1
"Epinotia lindana",4
"Epinotia lomonana",5
"Epinotia maculana",1
"Epinotia medioviridana",1
"Epinotia mercuriana",1
"Epinotia nanana",6
"Epinotia nigricana",2
"Epinotia nisella",6
"Epinotia normanana",4
"Epinotia pulsatillana",1
"Epinotia pygmaeana",2
"Epinotia rectiplicana",3
"Epinotia rubiginosana",5
"Epinotia sagittana",2
"Epinotia septemberana",3
"Epinotia signatana",2
"Epinotia solandriana",12
"Epinotia solicitana",6
"Epinotia sordidana",1
"Epinotia subplicana",3
"Epinotia subviridis",2
"Epinotia tedella",3
"Epinotia tenerana",1
"Epinotia tetraquetrana",2
"Epinotia thapsiana",7
"Epinotia tsugana",1
"Epione repandaria",1
"Epiphile adrasta",4
"Epiphora albida",2
"Epiphora bauhiniae",3
"Epiphora boolana",1
"Epiphora lugardi",1
"Epiphora mythimnia",7
"Epiphora ploetzi",2
"Epiphora rectifascia",2
"Epiphora vacuna",3
"Epiphyas ashworthana",2
"Epiphyas postvittana",26
"Epiphyas pulla",1
"Epiphyas xylodes",1
"Epiplema conflictaria",2
"Epirranthis diversata",1
"Epirrhoe alternata",3
"Epirrhoe galiata",2
"Epirrhoe hastulata",1
"Epirrhoe pupillata",1
"Epirrhoe rivata",2
"Epirrhoe sperryi",1
"Epirrhoe tristata",4
"Epirrita autumnata",39
"Epirrita christyi",5
"Epirrita dilutata",1
"Epirrita filigrammaria",1
"Episimus argutana",3
"Episimus tyrius",3
"Episparis costistriga",1
"Epityches eupompe",2
"Eporectis tephropis",1
"Erannis defoliaria",20
"Erannis tiliaria",48
"Erastria cruentaria",1
"Erastria leucicolor",3
"Erastria madecassaria",2
"Ercheia cyllaria",3
"Ercheia umbrosa",1
"Erebia aethiops",4
"Erebia alberganus",5
"Erebia christi",1
"Erebia embla",2
"Erebia epiphron",5
"Erebia epistygne",4
"Erebia eriphyle",2
"Erebia flavofasciata",1
"Erebia ligea",3
"Erebia magdalena",3
"Erebia melampus",1
"Erebia meolans",3
"Erebia neoridas",4
"Erebia oeme",2
"Erebia palarica",5
"Erebia pluto",1
"Erebia scipio",1
"Erebia tyndarus",7
"Erebia zapateri",8
"Erebus crepuscularis",1
"Erebus ephesperis",1
"Erechthias minuscula",18
"Erechthias simulans",4
"Eremberga leuconips",1
"Eremobia ochroleuca",4
"Ericeia inangulata",17
"Ericeia subcinerea",1
"Erinnyis alope",5
"Erinnyis crameri",2
"Erinnyis ello",25
"Erinnyis lassauxi",3
"Erinnyis lassauxii",1
"Erinnyis obscura",10
"Erinnyis oenotrus",4
"Eriocrania semipurpurella",4
"Eriocraniella longifurcula",1
"Eriocraniella xanthocara",2
"Eriogaster arbusculae",4
"Eriogaster lanestris",22
"Eriogyna pyretorum",8
"Eriopsela quadrana",1
"Eronia cleodora",1
"Erora laeta",3
"Erygia apicalis",2
"Erynnis afranius",4
"Erynnis funeralis",15
"Erynnis lucilius",2
"Erynnis pacuvius",3
"Erynnis propertius",5
"Erynnis telemachus",1
"Erynnis zarucco",12
"Estigmene acrea",34
"Eteobalea albiapicella",1
"Eterusia aedea",1
"Ethmia bipunctella",5
"Ethmia confusella",1
"Ethmia delliella",1
"Ethmia discostrigella",2
"Ethmia dodecea",4
"Ethmia heliomela",1
"Ethmia hemadelpha",1
"Ethmia longimaculella",3
"Ethmia macelhosiella",1
"Ethmia nigroapicella",7
"Ethmia pusiella",8
"Ethmia semilugens",2
"Ethmia semitenebrella",1
"Ethmia sphaerosticha",1
"Ethmia subsimilis",2
"Ethmia terminella",1
"Ethmia zelleriella",2
"Ethmiopsis tegulifera",2
"Etiella behrii",7
"Etiella grisea",1
"Etiella hobsoni",3
"Etiella zinckenella",41
"Eubaphe mendica",1
"Eubarnesia ritaria",1
"Eubergia caisa",4
"Eublemma anachoresis",3
"Eublemma baccalix",2
"Eublemma candidana",1
"Eublemma cochylioides",3
"Eublemma dimidialis",7
"Eublemma ecthaemata",1
"Eublemma gayneri",4
"Eublemma minima",3
"Eublemma minutata",1
"Eublemma ornatula",1
"Eublemma ostrina",2
"Eublemma parva",7
"Eublemma purpurina",1
"Eublemma rivula",1
"Eucalantica polita",1
"Eucaterva variaria",1
"Euceratia castella",1
"Eucereon aeolum",2
"Euchaetes egle",2
"Euchalcia variabilis",1
"Euchlaena effecta",6
"Euchlaena irraria",5
"Euchlaena johnsonaria",9
"Euchlaena madusaria",3
"Euchlaena marginaria",8
"Euchlaena obtusaria",3
"Euchlaena pectinaria",3
"Euchlaena serrata",3
"Euchlaena tigrinaria",6
"Euchloe ausonides",23
"Euchloe hyantis",20
"Euchloe olympia",8
"Euchloron megaera",2
"Euchoeca nebulata",2
"Euchristophia cumulata",3
"Euchromia lethe",1
"Euchrysops malathana",5
"Euchrysops osiris",1
"Eucirroedia pampina",2
"Euclea delphinii",10
"Euclidia cuspidea",2
"Euclidia glyphica",7
"Eucoenogenes ancyrota",1
"Eucosma aemulana",1
"Eucosma agricolana",1
"Eucosma aspidiscana",3
"Eucosma campoliliana",1
"Eucosma cana",2
"Eucosma cataclystiana",1
"Eucosma conterminana",3
"Eucosma dorsisignatana",1
"Eucosma fulvana",1
"Eucosma lacteana",2
"Eucosma metzneriana",2
"Eucosma nereidopa",1
"Eucosma obumbratana",1
"Eucosma pupillana",1
"Eucosma sombreana",3
"Eucosma tocullionana",4
"Eucrostes disparata",1
"Eudaemonia argus",1
"Eudeilinia herminiata",3
"Eudemis porphyrana",1
"Eudemis profundana",8
"Eudocima aurantia",1
"Eudocima fullonia",31
"Eudocima materna",13
"Eudocima salaminia",5
"Eudocima serpentifera",1
"Eudonia angustea",2
"Eudryas grata",4
"Eudryas unio",7
"Eueides lybia",3
"Eueides procula",1
"Eueretagrotis attentus",3
"Eueretagrotis perattentus",9
"Eufidonia convergaria",1
"Eufidonia discospilata",11
"Eufidonia notataria",11
"Euglyphis deusta",1
"Euglyphis fibra",1
"Euglyphis ornata",1
"Eugnorisma depuncta",1
"Eugraphe sigma",2
"Euhagena nebraskae",1
"Euhyponomeuta stannella",2
"Euhyponomeutoides ribesiella",4
"Eulamprotes wilkella",1
"Eulepidotis addens",1
"Eulepte concordalis",9
"Eulia ministrana",10
"Eulithis destinata",1
"Eulithis diversilineata",6
"Eulithis explanata",2
"Eulithis flavibrunneata",1
"Eulithis gracilineata",2
"Eulithis mellinata",4
"Eulithis molliculata",1
"Eulithis populata",5
"Eulithis propulsata",2
"Eulithis prunata",5
"Eulithis pyropata",1
"Eulithis testata",8
"Eulithis xylina",9
"Eulogia ochrifrontella",2
"Eumaeus atala",3
"Eumaeus toxea",1
"Eumarozia malachitana",4
"Eumedonia eumedon",1
"Eumelea rosalia",2
"Eumeta crameri",31
"Eumorpha achemon",4
"Eumorpha anchemolus",1
"Eumorpha fasciatus",11
"Eumorpha labruscae",4
"Eumorpha pandorus",3
"Eumorpha satellitia",4
"Eumorpha vitis",6
"Eunica margarita",1
"Eunica tatila",1
"Eupanacra busiris",1
"Eupanacra mydon",4
"Euparthenos nubilis",1
"Euphaedra eleus",1
"Euphaneta divisa",2
"Euphilotes battoides",18
"Euphilotes enoptes",19
"Euphilotes mojave",4
"Euphilotes rita",13
"Euphilotes spaldingi",1
"Euphydryas anicia",22
"Euphydryas chalcedona",48
"Euphydryas maturna",4
"Euphydryas phaeton",22
"Euphyes arpa",2
"Euphyes bimacula",1
"Euphyes dion",3
"Euphyes dukesi",5
"Euphyia implicata",2
"Euphyia subguttaria",2
"Euphyia unangulata",3
"Eupithecia abbreviata",1
"Eupithecia abietaria",8
"Eupithecia absinthiata",11
"Eupithecia actaeata",1
"Eupithecia acutipennis",1
"Eupithecia albicapitata",8
"Eupithecia alliaria",2
"Eupithecia analoga",1
"Eupithecia annulata",19
"Eupithecia anticaria",3
"Eupithecia assimilata",4
"Eupithecia bivittata",1
"Eupithecia casloata",3
"Eupithecia centaureata",24
"Eupithecia cimicifugata",1
"Eupithecia columbiata",9
"Eupithecia conterminata",1
"Eupithecia cretaceata",1
"Eupithecia denotata",6
"Eupithecia dodoneata",1
"Eupithecia egenaria",2
"Eupithecia exiguata",8
"Eupithecia expallidata",1
"Eupithecia fennoscandica",1
"Eupithecia fletcherata",6
"Eupithecia gelidata",3
"Eupithecia goossensiata",1
"Eupithecia graefii",7
"Eupithecia groenblomi",1
"Eupithecia haworthiata",1
"Eupithecia icterata",6
"Eupithecia immundata",1
"Eupithecia indigata",2
"Eupithecia innotata",4
"Eupithecia interruptofasciata",1
"Eupithecia intricata",4
"Eupithecia inturbata",2
"Eupithecia lachrymosa",1
"Eupithecia lanceata",2
"Eupithecia lariciata",12
"Eupithecia linariata",3
"Eupithecia longipalpata",9
"Eupithecia maestosa",5
"Eupithecia millefoliata",1
"Eupithecia miserulata",27
"Eupithecia misturata",9
"Eupithecia mutata",4
"Eupithecia nanata",7
"Eupithecia nevadata",1
"Eupithecia nimbicolor",1
"Eupithecia niphadophilata",2
"Eupithecia ochridata",2
"Eupithecia olivacea",6
"Eupithecia ornata",5
"Eupithecia palpata",23
"Eupithecia perfusca",2
"Eupithecia pernotata",4
"Eupithecia phoeniceata",1
"Eupithecia pimpinellata",4
"Eupithecia placidata",4
"Eupithecia plumbeolata",2
"Eupithecia pseudotsugata",5
"Eupithecia pulchellata",2
"Eupithecia pusillata",7
"Eupithecia pygmaeata",3
"Eupithecia ravocostaliata",8
"Eupithecia satyrata",38
"Eupithecia selinata",2
"Eupithecia simpliciata",1
"Eupithecia sinuosaria",6
"Eupithecia strattonata",3
"Eupithecia subfuscata",25
"Eupithecia subumbrata",12
"Eupithecia succenturiata",5
"Eupithecia tantillaria",3
"Eupithecia tenuiata",1
"Eupithecia tripunctaria",7
"Eupithecia trisignaria",9
"Eupithecia ultimaria",2
"Eupithecia unedonata",1
"Eupithecia unicolor",9
"Eupithecia valerianata",2
"Eupithecia venosata",2
"Eupithecia virgaureata",1
"Eupithecia vulgata",7
"Eupithecia zygadeniata",2
"Euplagia quadripunctaria",2
"Euplexia benesimilis",9
"Euplexia lucipara",13
"Euploea alcathoe",7
"Euploea leucostictos",1
"Euploea lewinii",3
"Euploea midamus",6
"Euploea mulciber",17
"Euploea sylvester",5
"Euploea tulliolus",6
"Eupoecilia ambiguella",9
"Eupoecilia angustana",6
"Eupoecilia sanguisorbana",1
"Euproctis cervina",1
"Euproctis chrysorrhoea",45
"Euproctis crocea",1
"Euproctis edwardsii",1
"Euproctis similis",9
"Euproctis stenomorpha",4
"Eupseudosoma aberrans",5
"Eupseudosoma involuta",7
"Eupsilia cirripalea",1
"Eupsilia devia",2
"Eupsilia morrisoni",7
"Eupsilia sidus",14
"Eupsilia transversa",22
"Eupsilia tristigmata",25
"Eupsilia vinulenta",2
"Euptera semirufa",1
"Eupterote undata",14
"Euptoieta hegesia",3
"Eupyrrhoglossum sagra",1
"Eurema albula",2
"Eurema alitha",9
"Eurema andersoni",5
"Eurema blanda",36
"Eurema brigitta",6
"Eurema deva",4
"Eurema elathea",4
"Eurema herla",3
"Eurema sari",1
"Eurhodope cirrigerella",1
"Euripus nyctelius",1
"Eurois astricta",11
"Eurois occulta",15
"Eurrhyparodes bracteolalis",2
"Euryades corethrus",2
"Eurytides marcellus",7
"Eusarca confusaria",1
"Eusarca fundaria",1
"Euscirrhopterus gloveri",3
"Euscirrhopterus poeyi",1
"Eustixia pupula",4
"Eustroma fasciata",1
"Eustroma reticulata",1
"Eutelia adulatricoides",6
"Eutelia adulatrix",4
"Eutelia discistriga",3
"Eutelia geyeri",2
"Eutelia pulcherrimus",2
"Euthalia monina",5
"Euthalia phemius",2
"Euthrix laeta",2
"Euthrix potatoria",4
"Euthyatira pudens",4
"Eutrapela clemataria",29
"Eutricopis nexilis",1
"Euxanthe crossleyi",1
"Euxanthe trajanus",1
"Euxoa albipennis",3
"Euxoa aquilina",1
"Euxoa atomaris",1
"Euxoa auripennis",1
"Euxoa bostoniensis",1
"Euxoa brevipennis",4
"Euxoa catenula",5
"Euxoa comosa",1
"Euxoa costata",3
"Euxoa cursoria",8
"Euxoa dargo",2
"Euxoa declarata",4
"Euxoa detersa",11
"Euxoa divergens",1
"Euxoa flavicollis",1
"Euxoa infausta",4
"Euxoa infracta",1
"Euxoa intrita",2
"Euxoa laetificans",5
"Euxoa messoria",26
"Euxoa munis",1
"Euxoa nigricans",9
"Euxoa niveilinea",3
"Euxoa nostra",2
"Euxoa obelisca",5
"Euxoa oberfoelli",1
"Euxoa ochrogaster",14
"Euxoa olivia",1
"Euxoa pallipennis",2
"Euxoa plagigera",1
"Euxoa pleuritica",1
"Euxoa punctigera",1
"Euxoa quadridentata",1
"Euxoa ridingsiana",2
"Euxoa scandens",11
"Euxoa temera",6
"Euxoa tessellata",28
"Euxoa tristicula",5
"Euxoa tritici",9
"Euzophera bigella",5
"Euzophera cinerosella",1
"Euzophera magnolialis",1
"Euzophera ostricolorella",4
"Euzophera pinguis",5
"Euzophera semifuneralis",26
"Everes amyntula",14
"Everes argiades",4
"Everes lacturnus",2
"Evergestis extimalis",2
"Evergestis forficalis",4
"Evergestis limbata",2
"Evergestis pallidata",4
"Evergestis rimosalis",1
"Evora hemidesma",5
"Exaeretia allisella",1
"Exaeretia canella",2
"Exaeretia ciniflonella",3
"Exapate congelatella",6
"Exelastis cervinicolor",1
"Exelastis pumilio",6
"Exelis pyrolaria",2
"Exoteleia dodecella",5
"Exoteleia graphicella",1
"Exoteleia pinifoliella",11
"Exyra fax",2
"Exyra semicrocea",6
"Fabriciana adippe",5
"Fabriciana niobe",3
"Fagitana littera",1
"Falcaria lacertinaria",3
"Falcatula falcatus",2
"Falseuncaria ruficiliana",11
"Famegana alsulus",1
"Faronta diffusa",21
"Fascellina plagiata",3
"Fascista cercerisella",1
"Faunis canens",5
"Feltia jaculifera",27
"Feltia subgothica",13
"Feniseca tarquinius",6
"Fentonia ocypete",9
"Feralia deceptiva",1
"Feralia februalis",6
"Feralia jocosa",21
"Feralia major",3
"Filatima epulatrix",1
"Filatima pseudacaciella",2
"Filatima xanthuris",1
"Filodes fulvidorsalis",5
"Fishia yosemitae",1
"Fissicrambus haytiellus",1
"Fissicrambus mutabilis",8
"Fodina stola",5
"Fomoria hypericella",1
"Forbestra olivencia",1
"Fountainea eurypyle",4
"Fountainea glycerium",1
"Fountainea nobilis",1
"Framinghamia helvalis",1
"Freyeria putli",4
"Freyeria trochylus",5
"Friseria cockerelli",1
"Frumenta nundinella",1
"Fulgoraecia exigua",5
"Fundella argentina",7
"Furcula bicuspis",3
"Furcula bifida",7
"Furcula borealis",2
"Furcula cinerea",3
"Furcula furcula",12
"Furcula modesta",2
"Furcula scolopendrina",4
"Gabara subnivosella",2
"Gabriola dyari",14
"Galleria mellonella",1
"Gamelia abasia",3
"Gandaca harina",2
"Ganyra josephina",3
"Garaeus mirandus",1
"Garaeus specularis",6
"Garella rotundipennis",3
"Gastropacha quercifolia",5
"Gauna flavibasalis",1
"Gazalina apsara",2
"Gazalina chrysolopha",2
"Gegenes niso",1
"Geina didactyla",1
"Geina periscelidactylus",1
"Geina sheppardi",1
"Geina tenuidactylus",1
"Gelechia asinella",2
"Gelechia dyariella",2
"Gelechia hippophaella",1
"Gelechia muscosella",1
"Gelechia nigra",3
"Gelechia rhombella",2
"Gelechia rhombelliformis",1
"Gelechia sabinella",1
"Gelechia scotinella",1
"Gelechia senticetella",1
"Gelechia turpella",1
"Gellonia dejectaria",4
"Geometra papilionaria",9
"Gerdana caritella",2
"Gerra sevorsa",1
"Geshna cannalis",2
"Gesonia obeditalis",1
"Gesta gesta",4
"Giaura niveidisca",1
"Giaura tortricoides",1
"Gibberifera simplana",1
"Givira lotta",1
"Glacies coracina",2
"Glaucina ochrofuscaria",1
"Glaucolepis saccharella",1
"Glaucopsyche alexis",5
"Glaucopsyche lycormas",2
"Glaucopsyche piasus",5
"Glena cognataria",5
"Glena cribrataria",2
"Glena nigricaria",3
"Gloveria arizonensis",5
"Gloveria gargamelle",1
"Gloveria medusa",6
"Gluphisia avimacula",2
"Gluphisia crenata",4
"Gluphisia lintneri",4
"Gluphisia septentrionis",13
"Gluphisia severa",2
"Glyphidocera juniperella",1
"Glyphipterix equitella",1
"Glyphipterix forsterella",1
"Glyphipterix fuscoviridella",1
"Glyphipterix schoenicolella",1
"Glyphipterix simpliciella",1
"Glyphodes actorionalis",2
"Glyphodes bicolor",8
"Glyphodes bivitralis",10
"Glyphodes caesalis",10
"Glyphodes canthusalis",1
"Glyphodes pulverulentalis",1
"Glyphodes sibillalis",5
"Glyphodes stolalis",6
"Glyptocera consobrinella",2
"Glyptoteles leucacrinella",1
"Gnamptonyx innexa",1
"Gnathothlibus erotus",4
"Gnophaela vermiculata",2
"Gnophos obfuscata",1
"Gnorimoschema banksiella",1
"Gnorimoschema epithymella",4
"Gnorimoschema gallaeasterella",7
"Gnorimoschema gallaesolidaginis",2
"Gnorimoschema gibsoniella",1
"Gnorimoschema octomaculella",2
"Gnorimoschema saphirinella",1
"Gnorimoschema septentrionella",1
"Gnorimoschema subterranea",1
"Godonela nora",1
"Godyris zavaleta",2
"Goidanichiana jourdheuillella",1
"Gonepteryx farinosa",2
"Gonimbrasia belina",14
"Gonimbrasia gueinzii",17
"Gonimbrasia zambesina",7
"Goniocalpe heteromorpha",2
"Gonionota melobaphes",2
"Gonioterma ignobilis",1
"Gonioterma mistrella",2
"Gonodonta biarmata",1
"Gonodonta bidens",3
"Gonodonta incurva",2
"Gonodonta nitidimacula",2
"Gonodonta nutrix",5
"Gonodonta pyrgo",2
"Gonodonta unica",1
"Gonodonta uxor",2
"Gonometa nysa",2
"Gortyna flavago",13
"Gracilodes caffra",1
"Graellsia isabellae",2
"Grais stigmaticus",1
"Grammia arge",5
"Grammia blakei",2
"Grammia geneura",2
"Grammia nevadensis",3
"Grammia ornata",5
"Grammia parthenice",3
"Grammia phyllira",4
"Grammia virgo",3
"Grammia virguncula",2
"Grammia williamsii",1
"Grammodes bifasciata",1
"Grammodes geometrica",9
"Grammodes stolida",8
"Graphiphora augur",14
"Graphium agamemnon",31
"Graphium antiphates",7
"Graphium aristeus",1
"Graphium eurypylus",6
"Graphium macleayanus",8
"Grapholita andabatana",1
"Grapholita aureolana",1
"Grapholita caecana",3
"Grapholita compositella",5
"Grapholita delineana",4
"Grapholita dimorpha",3
"Grapholita discretana",1
"Grapholita edwardsiana",1
"Grapholita fissana",1
"Grapholita funebrana",9
"Grapholita gemmiferana",2
"Grapholita interstinctana",1
"Grapholita janthinana",2
"Grapholita jungiella",2
"Grapholita libertina",1
"Grapholita lunatana",1
"Grapholita lunulana",3
"Grapholita molesta",3
"Grapholita orobana",2
"Grapholita packardi",5
"Grapholita pallifrontana",3
"Grapholita prunivora",6
"Grapholita tenebrosana",1
"Gretchena bolliana",3
"Gretchena concitatricana",1
"Gretchena deludana",1
"Greya enchrysa",2
"Greya politella",7
"Greya reticulata",1
"Greya subalba",5
"Greya suffusca",1
"Grotella margueritaria",1
"Gueneria similaria",2
"Gymnoscelis lophopus",1
"Gymnoscelis rufifasciata",12
"Gynaephora groenlandica",10
"Gynaephora rossii",8
"Gynaephora selenitica",18
"Gynanisa maja",11
"Gynanisa nigra",1
"Gynnidomorpha alismana",1
"Gynnidomorpha luridana",1
"Gynnidomorpha minimana",2
"Gynnidomorpha vectisana",2
"Gypsonoma adjuncta",1
"Gypsonoma dealbana",3
"Gypsonoma fasciolana",3
"Gypsonoma haimbachiana",2
"Gypsonoma nitidulana",1
"Gypsonoma oppressana",2
"Gypsonoma salicicolana",2
"Gypsonoma sociana",2
"Gypsonoma substitutionis",3
"Gyrtothripa pusilla",2
"Habrodais grunus",4
"Habrosyne gloriosa",1
"Habrosyne pyritoides",2
"Habrosyne scripta",9
"Hada plebeja",1
"Hadena albimacula",2
"Hadena bicruris",8
"Hadena caesia",2
"Hadena compta",6
"Hadena confusa",3
"Hadena filograna",1
"Hadena irregularis",1
"Hadena perplexa",5
"Haematopis grataria",6
"Halysidota harrisii",2
"Halysidota interlineata",1
"Halysidota tessellaris",56
"Hamadryas amphichloe",1
"Hamadryas amphinome",6
"Hamadryas epinome",4
"Hamadryas feronia",3
"Hamadryas fornax",4
"Hamadryas guatemalena",1
"Hamadryas iphthime",5
"Hamadryas laodamia",1
"Hamearis lucina",2
"Hamodes propitia",2
"Hapigia repandens",1
"Haploa clymene",2
"Haploa colona",4
"Haploa confusa",8
"Haploa lecontei",24
"Haplotinea insectella",2
"Haritalodes derogata",29
"Harkenclenus titus",7
"Harpyia milhauseri",2
"Harrisimemna trisignata",11
"Harrisina americana",3
"Hasora chromus",5
"Hebomoia glaucippe",15
"Hecatera bicolorata",2
"Hecatera dysodea",1
"Hednota crypsichroa",2
"Hednota longipalpella",2
"Hednota panteucha",2
"Hedya chionosema",5
"Hedya dimidiana",3
"Hedya nubiferana",4
"Hedya ochroleucana",4
"Hedya pruniana",2
"Hedya salicella",1
"Hedya separatana",5
"Helcystogramma chambersella",4
"Helcystogramma hibisci",4
"Helcystogramma hystricella",1
"Helcystogramma lutatella",3
"Helcystogramma melantherella",6
"Helcystogramma triannulella",4
"Heliconisa pagenstecheri",2
"Heliconius cydno",7
"Heliconius erato",32
"Heliconius hecale",13
"Heliconius hecalesia",2
"Heliconius ismenius",2
"Heliconius pachinus",2
"Heliconius sapho",1
"Heliconius sara",16
"Helicoverpa armigera",93
"Helicoverpa assulta",17
"Helicoverpa punctigera",3
"Helicoverpa zea",114
"Heliocheilus paradoxus",3
"Heliolonche celeris",1
"Heliolonche pictipennis",2
"Heliomata cycladata",2
"Heliopetes ericetorum",13
"Heliopetes laviana",4
"Heliopetes macaira",1
"Heliopetes omrina",3
"Heliophorus sena",1
"Heliothea discoidaria",2
"Heliothis nubigera",4
"Heliothis ononis",2
"Heliothis peltigera",14
"Heliothis phloxiphaga",15
"Heliothis virescens",56
"Heliothis viriplaca",6
"Heliothodes diminutivus",4
"Heliozela aesella",1
"Heliozela resplendella",1
"Heliozela sericiella",2
"Hellinsia homodactylus",2
"Hellinsia lienigianus",2
"Hellinsia osteodactylus",1
"Hellinsia paleaceus",1
"Hellula hydralis",1
"Hellula phidilealis",8
"Hellula rogatalis",4
"Hellula undalis",11
"Hemaris diffinis",19
"Hemaris fuciformis",7
"Hemaris thysbe",6
"Hemaris tityus",6
"Hemeroblemma mexicana",1
"Hemiargus ceraunus",15
"Hemiargus hanno",4
"Hemibela callista",1
"Hemiceras cadmia",1
"Hemiceras clarki",1
"Hemiceras nigrescens",1
"Hemiceras pallidula",4
"Hemiceras punctata",1
"Hemieuxoa rudens",1
"Hemileuca burnsi",10
"Hemileuca eglanterina",35
"Hemileuca electra",11
"Hemileuca hualapai",1
"Hemileuca nevadensis",16
"Hemileuca oliviae",20
"Hemileuca peninsularis",1
"Hemipachnobia subporphyrea",1
"Hemiscopis suffusalis",1
"Hemiscopis violacea",1
"Hemistola chrysoprasaria",1
"Hemistola veneta",1
"Hemithea aestivaria",31
"Heniocha apollonia",1
"Heniocha dyops",1
"Heniocha marnois",1
"Henricus infernalis",1
"Henricus umbrabasanus",1
"Heortia vitessoides",3
"Hepialus humuli",14
"Hermeuptychia hermes",6
"Hermeuptychia sosybius",1
"Herminia grisealis",2
"Herpetogramma abdominalis",1
"Herpetogramma aeglealis",1
"Herpetogramma bipunctalis",27
"Herpetogramma hipponalis",7
"Herpetogramma licarsisalis",9
"Herpetogramma pertextalis",7
"Herpetogramma phaeopteralis",6
"Herpetogramma stultalis",9
"Herpetogramma thestealis",1
"Hesperia attalus",3
"Hesperia columbia",2
"Hesperia lindseyi",3
"Hesperia meskei",2
"Hesperia metea",3
"Hesperia nevada",3
"Hesperia ottoe",9
"Hesperia pahaska",2
"Hesperia uncas",5
"Hesperia woodgatei",2
"Hesperopsis alpheus",3
"Hesperopsis libya",1
"Hesperumia fumosaria",1
"Hesperumia latipennis",1
"Hesperumia sulphuraria",18
"Hestina assimilis",5
"Heterocampa biundata",15
"Heterocampa guttivitta",30
"Heterocampa obliqua",3
"Heterocampa subrotata",2
"Heterocampa umbrata",7
"Heterogenea asella",3
"Heterogramma circumflexalis",1
"Heteronympha merope",4
"Heteropacha rileyana",1
"Heterophleps fusca",1
"Heteropsyche poecilochroma",1
"Heteropterus morpheus",1
"Hethemia pistasciaria",7
"Hexafrenum leucodera",3
"Hexeris enhydris",1
"Hexorthodes accurata",1
"Hexorthodes agrotiformis",1
"Hexorthodes tuana",1
"Hidripa perdix",1
"Hillia iris",1
"Himella fidelis",8
"Hipparchia fidia",7
"Hipparchia hermione",6
"Hipparchia statilinus",18
"Hippia mandela",5
"Hippotion balsaminae",2
"Hippotion boerhaviae",13
"Hippotion celerio",22
"Hippotion eson",9
"Hippotion osiris",8
"Hippotion rosae",1
"Hippotion roseipennis",1
"Hippotion rosetta",2
"Hippotion scrofa",3
"Hippotion velox",3
"Histia flabellicornis",2
"Hofmannophila pseudospretella",4
"Holcocera chalcofrontella",1
"Holcocera gigantella",4
"Holcocera immaculella",9
"Holocerina agomensis",4
"Holocerina angulata",6
"Holocerina smilax",17
"Holomelina aurantiaca",3
"Holomelina costata",1
"Holomelina laeta",1
"Holomelina opella",1
"Homadaula anisocentra",2
"Homaledra heptathalama",1
"Homaledra sabalella",17
"Homochira rendalli",1
"Homochlodes lactispargaria",1
"Homodes bracteigutta",8
"Homodes iomolybda",1
"Homoeosoma electella",21
"Homoeosoma eremophasma",1
"Homoeosoma nebulella",8
"Homoeosoma nimbella",3
"Homoeosoma sinuella",1
"Homoeosoma stypticellum",2
"Homoeosoma vagella",2
"Homoglaea carbonaria",3
"Homoglaea dives",3
"Homoglaea hircina",7
"Homohadena badistriga",8
"Homona aestivana",1
"Homona mermerodes",3
"Homona spargotis",1
"Homona trachyptera",3
"Homophoberia cristata",1
"Homorthodes furfurata",3
"Hoplodrina ambigua",4
"Hoplodrina blanda",3
"Hoplodrina octogenaria",2
"Horisme aemulata",1
"Horisme intestinata",1
"Horisme tersata",1
"Horisme vitalbata",2
"Hulodes drylla",1
"Hulstia undulatella",1
"Hulstina wrightiaria",2
"Hyalarcta huebneri",9
"Hyalarcta nigrescens",1
"Hyalobathra filalis",2
"Hyalobathra miniosalis",2
"Hyalophora cecropia",194
"Hyalophora columbia",47
"Hyalophora euryalus",50
"Hyblaea constellata",1
"Hyblaea puera",58
"Hydraecia immanis",9
"Hydraecia medialis",2
"Hydraecia micacea",17
"Hydraecia nordstroemi",1
"Hydraecia petasitis",1
"Hydraecia ultima",1
"Hydrelia albifera",3
"Hydrelia flammeolaria",3
"Hydrelia inornata",2
"Hydrelia sylvata",3
"Hydria undulata",10
"Hydriomena albifasciata",1
"Hydriomena albimontanata",3
"Hydriomena californiata",4
"Hydriomena divisaria",9
"Hydriomena furcata",17
"Hydriomena impluviata",2
"Hydriomena irata",11
"Hydriomena manzanita",2
"Hydriomena marinata",4
"Hydriomena nubilofasciata",4
"Hydriomena perfracta",2
"Hydriomena renunciata",11
"Hydriomena ruberata",2
"Hydriomena speciosata",7
"Hydriomena transfigurata",1
"Hydriris ornatalis",6
"Hydroclada antigona",1
"Hydroclada kenricki",1
"Hylaea fasciaria",3
"Hyles dahlii",1
"Hyles euphorbiae",5
"Hyles euphorbiarum",6
"Hyles gallii",14
"Hyles lineata",53
"Hyles livornica",2
"Hyles nicaea",1
"Hylesia acuta",2
"Hylesia continua",2
"Hylesia dalina",2
"Hylesia ebalus",1
"Hylesia falcifera",2
"Hylesia lineata",46
"Hylesia nanus",7
"Hymenia perspectalis",13
"Hymenoptychis sordida",2
"Hypagyrtis esther",1
"Hypagyrtis piniata",22
"Hypagyrtis unipunctata",20
"Hypanartia lethe",3
"Hypargyria metalliferella",3
"Hypargyria slossonella",1
"Hyparpax aurora",3
"Hyparpax perophoroides",3
"Hypatima rhomboidella",2
"Hypaurotis crysalus",1
"Hypena abalienalis",3
"Hypena baltimoralis",3
"Hypena bijugalis",3
"Hypena californica",2
"Hypena conscitalis",3
"Hypena crassalis",2
"Hypena deceptalis",1
"Hypena humuli",2
"Hypena labatalis",1
"Hypena laceratalis",1
"Hypena madefactalis",2
"Hypena mandatalis",2
"Hypena minualis",2
"Hypena obsitalis",2
"Hypena palparia",1
"Hypena proboscidalis",2
"Hypena rostralis",2
"Hypena sordidula",1
"Hypena tristalis",1
"Hypenodes humidalis",1
"Hyperaeschra georgica",3
"Hypercallia citrinalis",2
"Hyperchiria nausica",2
"Hypercompe abdominalis",2
"Hypercompe albescens",1
"Hypercompe cunigunda",1
"Hypercompe icasia",14
"Hypercompe scribonia",12
"Hyperlopha cristifera",1
"Hypermnestra helios",6
"Hyperstrotia pervertens",2
"Hyperstrotia villificans",1
"Hyphantria cunea",142
"Hyphoraia aulica",1
"Hyphorma minax",4
"Hypna clytemnestra",2
"Hypocala andremona",7
"Hypocala biarcuata",1
"Hypocala deflorata",6
"Hypocala subsatura",13
"Hypocala violacea",1
"Hypochrosis binexata",1
"Hypochrysops apelles",1
"Hypochrysops apollo",1
"Hypocysta adiante",3
"Hypocysta metirius",1
"Hypodoxa erebusata",1
"Hypoleria lavinia",1
"Hypolimnas alimena",3
"Hypolimnas anomala",3
"Hypolimnas bolina",44
"Hypolimnas misippus",18
"Hypolycaena erylus",23
"Hypolycaena philippus",7
"Hypomecis buchholzaria",1
"Hypomecis punctinalis",22
"Hypomecis roboraria",9
"Hyponephele lupina",1
"Hypoprepia fucosa",5
"Hypoprepia miniata",3
"Hypopyra capensis",1
"Hypopyra vespertilio",2
"Hyposcada virginiana",3
"Hyposidra apioleuca",2
"Hyposidra incomptaria",8
"Hyposidra infixaria",3
"Hyposidra janiaria",3
"Hyposidra talaca",57
"Hypospila bolinoides",1
"Hypothyris euclea",3
"Hypothyris fluonia",1
"Hypothyris lycaste",2
"Hypoxystis pluviaria",2
"Hyppa rectilinea",2
"Hyppa xylinoides",11
"Hypsipyla grandella",14
"Hypsipyla robusta",36
"Hypsopygia costalis",2
"Hypsopygia mauritialis",3
"Hypsoropha hormos",2
"Hypsoropha monilis",1
"Idaea allongata",1
"Idaea biselata",2
"Idaea contiguaria",1
"Idaea dilutaria",1
"Idaea dimidiata",3
"Idaea muricata",1
"Idaea ostrinaria",1
"Idaea pallidata",2
"Idaea rusticata",1
"Idaea trigeminata",1
"Idalus agastus",1
"Idalus critheis",3
"Idea hypermnestra",1
"Idea leuconoe",4
"Idea lynceus",2
"Idea stolli",1
"Ideopsis gaura",1
"Ideopsis similis",4
"Idia aemula",9
"Idia americalis",2
"Idia lubricalis",1
"Idiochlora celataria",1
"Imbophorus aptalis",1
"Imbrasia epimethea",6
"Imbrasia ertli",3
"Imbrasia obscura",1
"Inachis io",7
"Incisalia eryphon",11
"Incurvaria pectinea",1
"Incurvaria praelatella",2
"Inga concolorella",1
"Iolana iolas",2
"Ipimorpha nanaimo",1
"Ipimorpha pleonectusa",7
"Ipimorpha retusa",3
"Ipimorpha subtusa",1
"Iridopsis larvaria",17
"Isa textula",7
"Iscadia aperta",1
"Iscadia pulchra",2
"Ischnocampa lugubris",1
"Ischyja manlia",16
"Isia alcumena",1
"Isognathus caricae",3
"Isognathus leachi",2
"Isognathus menechus",1
"Isognathus rimosa",3
"Isognathus swainsoni",1
"Isoparce cupressi",3
"Isophrictis similiella",3
"Isophrictis striatella",2
"Isotenes inae",2
"Isotenes miserana",6
"Isturgia limbaria",1
"Itame plumosata",1
"Itame sulphurea",1
"Ithome curvipunctella",1
"Ithomia agnosia",1
"Ithomia diasia",2
"Ithomia iphianassa",3
"Ithomia patilla",2
"Ithomia salapia",1
"Ithomia xenos",2
"Ithomisa catherina",3
"Iulotrichia semiumbrata",1
"Iwaruna biguttella",2
"Ixala desperaria",1
"Ixias marianne",4
"Jamides alecto",8
"Jamides celeno",13
"Jankowskia fuscaria",5
"Janseodes melanospila",2
"Jodis lactearia",11
"Jodis putata",6
"Jordanita globulariae",2
"Junonia atlites",11
"Junonia hedonia",4
"Junonia hierta",9
"Junonia iphita",7
"Junonia villida",16
"Kaniska canace",11
"Keiferia lycopersicella",10
"Kessleria albescens",2
"Kessleria alpicella",3
"Kessleria alternans",2
"Kessleria burmanni",3
"Kessleria caflischiella",1
"Kessleria fasciapennella",1
"Kessleria inexpectata",2
"Kessleria insubrica",1
"Kessleria klimeschi",2
"Kessleria nivescens",2
"Kessleria petrobiella",1
"Kessleria saxifragae",6
"Kessleria zimmermanni",1
"Korscheltellus gracilis",5
"Korscheltellus lupulina",11
"Labdia deliciosella",1
"Labdia stibogramma",2
"Lacanobia atlantica",8
"Lacanobia contigua",26
"Lacanobia nevadae",4
"Lacanobia oleracea",36
"Lacanobia radix",4
"Lacanobia suasa",11
"Lacanobia subjuncta",12
"Lacanobia thalassina",7
"Lacanobia w-latinum",6
"Lacinipolia comis",1
"Lacinipolia cuneata",2
"Lacinipolia erecta",1
"Lacinipolia explicata",1
"Lacinipolia implicata",2
"Lacinipolia laudabilis",1
"Lacinipolia lorea",11
"Lacinipolia lustralis",3
"Lacinipolia meditata",7
"Lacinipolia olivacea",5
"Lacinipolia patalis",3
"Lacinipolia pensilis",2
"Lacinipolia quadrilineata",1
"Lacinipolia renigera",18
"Lacinipolia stricta",2
"Lacinipolia vicina",3
"Lacinipolia viridifera",1
"Lacipa impuncta",2
"Lacosoma chiridota",8
"Lactura subfervens",1
"Laelia coenosa",2
"Laeosopis roboris",1
"Laetilia coccidivora",17
"Lambdina fervidaria",12
"Lambdina fiscellaria",46
"Lambdina pellucidaria",3
"Lambdina pultaria",2
"Lamoria adaptella",6
"Lamoria anella",1
"Lamoria imbella",1
"Lampronia capitella",2
"Lamprophaia ablactalis",5
"Lamproptera meges",3
"Lampropteryx otregiata",2
"Lampropteryx suffumata",1
"Langia zenzeroides",9
"Lantanophaga pusillidactyla",8
"Laothoe amurensis",1
"Laothoe populi",12
"Lapara bombycoides",6
"Lapara coniferarum",4
"Larentia clavaria",7
"Larisa subsolana",1
"Lascoria orneodalis",4
"Lasiocampa quercus",23
"Lasiocampa trifolii",12
"Lasiolopha saturata",1
"Lasionycta arietis",3
"Lasionycta leucocycla",1
"Lasionycta proxima",2
"Lasionycta skraelingia",1
"Lasionycta wyatti",3
"Lathronympha strigana",4
"Lebeda nobilis",5
"Ledaea perditalis",2
"Leistarcha scitissimella",1
"Lemonia dumi",1
"Lepidomys irrenosa",1
"Leptarctia californiae",6
"Leptidea morsei",1
"Leptocneria reducta",2
"Leptomyrina lara",1
"Leptophobia aripa",2
"Leptostales crossii",1
"Leptostales pannaria",1
"Leptotes plinius",10
"Lesmone formularis",2
"Lethe chandica",4
"Lethe europa",9
"Lethe verma",1
"Letis mycerina",2
"Leucanella acutissima",1
"Leucanella aspera",8
"Leucanella contempta",3
"Leucanella maasseni",1
"Leucanella memusae",14
"Leucanella stuarti",1
"Leucanella viridescens",2
"Leucania adjuta",1
"Leucania comma",1
"Leucania commoides",3
"Leucania farcta",1
"Leucania humidicola",4
"Leucania inconspicua",2
"Leucania inermis",1
"Leucania infatuans",1
"Leucania insueta",3
"Leucania lapidaria",1
"Leucania latiuscula",9
"Leucania linita",1
"Leucania loreyi",16
"Leucania multilinea",5
"Leucania obsoleta",2
"Leucania phaea",4
"Leucania phragmitidicola",4
"Leucania pseudargyria",7
"Leucania scirpicola",1
"Leucania uda",1
"Leucania venalba",2
"Leucania yu",1
"Leucinodes orbonalis",10
"Leucobrephos brephoides",3
"Leucoma salicis",20
"Leuconycta diphteroides",1
"Leuconycta lepidula",1
"Leucophlebia lineata",3
"Leucoptera laburnella",3
"Leucoptera malifoliella",10
"Leucoptera orobi",2
"Leucoptera sinuella",1
"Leucoptera spartifoliella",1
"Leucospilapteryx omissella",5
"Leucostrophus alterhirundo",1
"Leucula festiva",1
"Leuroperna sera",2
"Levipalpus hepatariella",1
"Levuana iridescens",7
"Lexias dirtea",3
"Lhommeia subapicata",1
"Libythea geoffroy",1
"Libytheana carinenta",7
"Ligdia adustata",1
"Likoma apicalis",1
"Limenitis helmanni",3
"Limenitis populi",10
"Limenitis sydyi",5
"Limnaecia phragmitella",3
"Lineodes integra",16
"Lirimiris lignitecta",2
"Lirimiris meridionalis",1
"Lithacodes fasciola",7
"Lithacodia muscosula",1
"Litholomia napaea",5
"Lithomoia solidaginis",15
"Lithophane amanda",8
"Lithophane antennata",26
"Lithophane baileyi",5
"Lithophane bethunei",20
"Lithophane consocia",1
"Lithophane dilatocula",1
"Lithophane disposita",2
"Lithophane fagina",13
"Lithophane furcifera",2
"Lithophane georgii",13
"Lithophane grotei",8
"Lithophane hemina",4
"Lithophane innominata",23
"Lithophane lamda",5
"Lithophane laticinerea",13
"Lithophane leautieri",3
"Lithophane longior",2
"Lithophane oriunda",2
"Lithophane ornitopus",1
"Lithophane patefacta",2
"Lithophane petulca",12
"Lithophane pexata",3
"Lithophane signosa",1
"Lithophane socia",1
"Lithophane thaxteri",4
"Lithophane unimoda",8
"Lithosia quadra",1
"Lithostege griseata",1
"Litodonta hydromeli",2
"Litoprosopus futilis",3
"Lobesia abscisana",1
"Lobesia aeolopa",31
"Lobesia bicinctana",3
"Lobesia botrana",5
"Lobesia littoralis",1
"Lobesia physophora",2
"Lobesia reliquana",4
"Lobesia vanillana",1
"Lobesia virulenta",5
"Lobobunaea phaedusa",3
"Lobobunaea saturnus",2
"Lobocleta ossularia",2
"Lobocleta plemyraria",1
"Lobophora halterata",2
"Lobophora magnoliatoidata",2
"Lobophora montanata",1
"Lobophora nivigerata",6
"Lochmaeus bilineata",3
"Lochmaeus manteo",17
"Loepa formosensis",2
"Loepa katinka",5
"Loepa oberthuri",1
"Lomaspilis marginata",6
"Lomaspilis opis",1
"Lomographa bimaculata",5
"Lomographa glomeraria",2
"Lomographa indularia",1
"Lomographa semiclarata",5
"Lomographa temerata",11
"Lomographa vestaliata",10
"Lonomia achelous",4
"Lonomia electra",1
"Lophocampa argentata",24
"Lophocampa caryae",49
"Lophocampa catenulata",4
"Lophocampa citrina",4
"Lophocampa maculata",51
"Lophocampa roseata",2
"Lophocampa texta",6
"Lophomilia polybapta",2
"Lophopepla igniferella",1
"Lophophleps purpurea",1
"Lophoptera illucida",6
"Lophoptera parallelnotata",1
"Lophostethus dumolinii",7
"Lophothripa vitea",3
"Lotisma trigonana",2
"Loxomorpha flavidissimalis",1
"Loxostege albiceralis",1
"Loxostege cereralis",3
"Loxostege commixtalis",3
"Loxostege floridalis",1
"Loxostege frustalis",1
"Loxostege sticticalis",24
"Loxotoma elegans",1
"Loxura atymnus",1
"Lozotaenia forsterana",4
"Lozotaeniodes formosana",1
"Ludia hansali",1
"Ludia orinoptena",8
"Luperina dumerilii",1
"Luperina nickerlii",3
"Luperina testacea",3
"Luquetia lobella",1
"Lycaeides melissa",18
"Lycas argentea",1
"Lycia graecarius",2
"Lycia hirtaria",43
"Lycia lapponaria",4
"Lycia pomonaria",5
"Lycia ursaria",19
"Lycia ypsilon",1
"Lycia zonaria",5
"Lycophotia molothina",1
"Lycophotia porphyrea",7
"Lygephila craccae",1
"Lygephila pastinum",3
"Lygropia obrinusalis",7
"Lymantria brunneiplaga",5
"Lymantria dispar",163
"Lymantria mathura",19
"Lymantria monacha",13
"Lymantria nebulosa",1
"Lymantria serva",8
"Lyonetia clerkella",15
"Lyonetia ledi",7
"Lyonetia prunifoliella",7
"Lyonetia saliciella",2
"Lysandra bellargus",1
"Lysandra coridon",1
"Lyssa zampa",3
"Lythria purpuraria",1
"Lytrosis unitaria",2
"Mabra eryxalis",1
"Macalla thyrsisalis",1
"Macaria abydata",7
"Macarostola ida",1
"Macdunnoughia confusa",6
"Machimia tentoriferella",22
"Macrobathra alternatella",1
"Macrobathra ceraunobola",1
"Macrobathra desmotoma",1
"Macrobathra diplochrysa",1
"Macrobathra leucopeda",1
"Macrobathra myriophthalma",2
"Macrobathra nephelomorpha",1
"Macrobathra porphyrea",1
"Macrobathra xuthocoma",1
"Macrochilo cribrumalis",1
"Macrochilo litophora",1
"Macrocneme chrysitis",2
"Macrocyttara expressa",1
"Macroglossum belis",1
"Macroglossum corythus",4
"Macroglossum hirundo",2
"Macroglossum pyrrhosticta",1
"Macroglossum stellatarum",4
"Macroglossum trochilus",2
"Macroglossum troglodytus",1
"Macronoctua onusta",2
"Macropoliana natalensis",3
"Macrosoma semiermis",1
"Macrothylacia rubi",17
"Maculinea arion",1
"Madoryx pseudothyreus",1
"Magusa orbifera",7
"Mahasena aurea",2
"Malacodea regelaria",2
"Malacosoma americana",54
"Malacosoma californica",88
"Malacosoma disstria",60
"Malacosoma neustria",9
"Malacosoma tigris",8
"Maliattha ritsemae",1
"Maliattha signifera",1
"Malocampa punctata",2
"Mamestra brassicae",26
"Mamestra configurata",21
"Mamestra curialis",6
"Mammifrontia rileyi",1
"Mampava rhodoneura",1
"Manduca afflicta",1
"Manduca albiplaga",1
"Manduca brontes",4
"Manduca diffissa",8
"Manduca florestan",3
"Manduca lichenea",2
"Manduca lucetius",5
"Manduca muscosa",2
"Manduca quinquemaculatus",12
"Manduca rustica",21
"Manduca sexta",60
"Maracayia chlorisalis",1
"Marasmia cochrusalis",2
"Marasmia trapezalis",1
"Marathyssa basalis",3
"Marathyssa inficita",3
"Marmara arbutiella",1
"Marmara fasciella",3
"Marmara oregonensis",2
"Marmara serotinella",1
"Maroga melanostigma",1
"Marpesia eleuchea",1
"Marpesia petreus",9
"Maruca vitrata",16
"Marumba dyras",10
"Marumba gaschkewitschii",1
"Marumba quercus",1
"Marumba sperchius",12
"Mathoris loceusalis",1
"Maurilia arcuata",6
"Maurilia iconica",8
"Mazuca strigicincta",3
"Mechanitis mazaeus",3
"Mechanitis polymnia",24
"Mecodina praecipua",2
"Mecyna asinalis",1
"Mecyna flavalis",3
"Megacraspedus dolosellus",1
"Megacraspedus peyerimhoffi",1
"Megalographa biloba",13
"Megalophanes viciella",1
"Megalopyge albicollis",19
"Megalopyge lanata",28
"Megalopyge opercularis",11
"Megalorhipida leucodactylus",2
"Meganola albula",1
"Meganola minuscula",1
"Meganola spodia",3
"Meganola strigula",1
"Megastes grandalis",1
"Megastes pusialis",1
"Megathymus cofaqui",3
"Megathymus yuccae",24
"Megisto cymela",3
"Melanargia halimede",2
"Melanargia ines",5
"Melanargia lachesis",8
"Melanargia occitanica",8
"Melanargia russiae",3
"Melanchra adjuncta",19
"Melanchra assimilis",20
"Melanchra persicariae",33
"Melanchra picta",46
"Melanchra pulverulenta",6
"Melanchroia chephise",4
"Melanis pixe",1
"Melanitis phedima",10
"Melanocera parva",1
"Melanolophia canadaria",23
"Melanolophia imitata",22
"Melanolophia signataria",11
"Melanomma auricinctaria",1
"Melanthia procellata",1
"Melese laodamia",1
"Melipotis acontioides",4
"Melipotis famelica",1
"Melipotis fasciolaris",1
"Melipotis indomita",3
"Melipotis januaris",2
"Melipotis jucunda",3
"Melipotis novanda",1
"Melipotis perpendicularis",1
"Melitaea arduinna",1
"Melitaea cinxia",7
"Melitaea diamina",9
"Melitara dentata",3
"Melitara prodenialis",3
"Melittia cucurbitae",5
"Mellea nitida",1
"Mellea ordinaria",3
"Mellea ramifera",1
"Mellicta athalia",12
"Mellicta britomartis",4
"Mellicta deione",7
"Mellicta parthenoides",4
"Mellilla xanthometata",1
"Memphis artacaena",2
"Memphis oenomais",1
"Memphis pithyusa",4
"Menophra abruptaria",2
"Menophra senilis",2
"Mentaxya ignicollis",2
"Meragisa innoxia",1
"Meridemis furtiva",1
"Meris alticola",1
"Merophyas divulsana",4
"Merophyas petrochroa",1
"Meropleon cosmion",4
"Meropleon diversicolor",1
"Meroptera abditiva",2
"Meroptera pravella",8
"Mesapamea didyma",1
"Mesapamea secalis",8
"Meskea dyspteraria",1
"Mesogona subcuprea",2
"Mesoleuca albicillata",5
"Mesoligia furuncula",4
"Mesoligia literosa",1
"Mesophleps oxycedrella",2
"Mesophleps silacella",2
"Mesophleps trinotella",1
"Mesothea incertata",12
"Metachrostis dardouini",1
"Metachrostis velox",1
"Metalectra quadrisignata",3
"Metalepsis fishii",1
"Metallochlora militaris",1
"Metamorpha epaphus",1
"Metanastria hyrtaca",40
"Metanema determinata",4
"Metanema inatomaria",6
"Metarranthis amyrisaria",3
"Metarranthis angularia",2
"Metarranthis duaria",9
"Metarranthis hypochraria",5
"Metarranthis indeclinata",1
"Metarranthis obfirmaria",3
"Metarranthis refractaria",1
"Metaxaglaea inulta",2
"Metaxaglaea violacea",1
"Methona themisto",6
"Metoeca foedalis",1
"Metriochroa latifoliella",1
"Metriotes lutarea",5
"Metzneria aprilella",1
"Metzneria lappella",3
"Metzneria littorella",1
"Metzneria metzneriella",2
"Metzneria neuropterella",1
"Metzneria paucipunctella",3
"Meyriccia latro",2
"Micragone nenia",2
"Microcrambus elegans",1
"Micrurapteryx kollariella",1
"Micrurapteryx salicifoliella",4
"Milanion leucaspis",2
"Miltochrista miniata",1
"Mimas tiliae",9
"Mimoschinia rufofascialis",2
"Ministrymon clytie",1
"Minoa murinata",1
"Miodera stigmata",1
"Miresa clarissa",3
"Mirificarma cytisella",4
"Mirificarma eburnella",7
"Mirificarma interrupta",6
"Mirificarma lentiginosella",5
"Mirificarma maculatella",2
"Mirificarma mulinella",7
"Misogada unicolor",2
"Mnesampela privata",1
"Mniotype adusta",6
"Mniotype bathensis",6
"Moca auxobathra",1
"Mocis diffluens",1
"Mocis disseverans",2
"Mocis frugalis",14
"Mocis latipes",40
"Mocis mayeri",3
"Mocis trifasciata",5
"Moduza procris",13
"Molippa nibasa",2
"Molippa sabina",3
"Moma alpium",11
"Mompha capella",2
"Mompha cephalonthiella",1
"Mompha conturbatella",1
"Mompha divisella",3
"Mompha eloisella",2
"Mompha epilobiella",1
"Mompha langiella",3
"Mompha metallifera",1
"Mompha murtfeldtella",1
"Mompha raschkiella",1
"Mompha sexstrigella",1
"Mompha stellella",1
"Mompha subbistrigella",1
"Mompha terminella",1
"Monema flavescens",5
"Monochroa absconditella",2
"Monochroa arundinetella",1
"Monochroa conspersella",2
"Monochroa cytisella",1
"Monochroa elongella",1
"Monochroa lucidella",1
"Monochroa lutulentella",1
"Monochroa moyses",1
"Monochroa niphognatha",1
"Monochroa rumicetella",1
"Monochroa servella",1
"Monochroa tenebrella",1
"Monochroa tetragonella",1
"Monoleuca semifascia",3
"Moodna ostrinella",10
"Moodna pallidostrinella",1
"Morpho achilles",1
"Morpho polyphemus",1
"Morrisonia confusa",25
"Morrisonia evicta",3
"Morrisonia latex",21
"Mothonica ocellea",1
"Mouralia tinctoides",2
"Mudaria luteileprosa",1
"Muschampia proto",1
"Mycalesis gotama",16
"Mycalesis terminus",1
"Myconita plutelliformis",2
"Myelopsis alatella",1
"Myscelia cyaniris",2
"Myscelia orsis",1
"Myscelus amystis",3
"Mythimna conigera",6
"Mythimna convecta",5
"Mythimna favicolor",1
"Mythimna ferrago",1
"Mythimna impura",5
"Mythimna l-album",2
"Mythimna litoralis",1
"Mythimna pallens",2
"Mythimna straminea",1
"Mythimna turca",2
"Mythimna vitellina",2
"Nacaduba kurava",10
"Nadata gibbosa",21
"Naenia typica",18
"Nagia linteola",2
"Nagiella inferior",1
"Naprepa flexifera",1
"Naroma signifera",3
"Narosa nigrisigna",1
"Narosoideus flavidorsalis",4
"Narraga fasciolaria",1
"Narraga fimetaria",4
"Nascia cilialis",3
"Nascus broteas",1
"Nascus phocus",1
"Nastra lherminier",2
"Natada nasoni",3
"Natada subpectinata",1
"Nausinoe geometralis",7
"Nealgedonia extricalis",1
"Nedra ramosula",4
"Negeta luminosa",3
"Nemapogon acapnopennella",1
"Nemapogon granella",1
"Nemapogon picarella",1
"Nemapogon variatella",2
"Nematocampa resistaria",12
"Nemaxera betulinella",2
"Nemophora cupriacella",1
"Nemophora fasciella",1
"Nemoria bifilata",1
"Nemoria bistriaria",7
"Nemoria darwiniata",5
"Nemoria glaucomarginaria",4
"Nemoria leptalea",3
"Nemoria lixaria",2
"Nemoria mimosaria",19
"Nemoria outina",1
"Nemoria rubrifrontaria",5
"Nemoria saturiba",1
"Neoalcis californiaria",12
"Neoarctia beanii",1
"Neocalyptis affinisana",1
"Neococytius cluentius",1
"Neodactria caliginosellus",2
"Neodactria luteolellus",1
"Neodactria zeellus",1
"Neodora glaucularia",2
"Neofaculta ericetella",2
"Neofaculta infernella",1
"Neofriseria peliella",1
"Neofriseria singula",1
"Neogalea sunia",10
"Neogurelca hyas",2
"Neolithocolletis pentadesma",2
"Neomyrina nivea",1
"Neophasia menapia",10
"Neopheosia fasciata",3
"Neopithecops zalmora",3
"Neopolyptychus compar",1
"Neopolyptychus pygarga",2
"Neorina lowii",1
"Neosphaleroptera nubilana",4
"Neotelphusa praefixa",1
"Neotelphusa querciella",2
"Neoterpes ephelidaria",2
"Neoterpes graefiaria",1
"Neoterpes trianguliferata",2
"Nephele accentifera",7
"Nephele aequivalens",2
"Nephele argentifera",1
"Nephele bipartita",1
"Nephele comma",2
"Nephele hespera",2
"Nephele peneus",1
"Nephelodes minians",9
"Nepheloleuca politia",4
"Nephopterix angustella",1
"Nephopterix celtidella",1
"Nephopterix uvinella",1
"Neptis clinia",3
"Neptis hylas",35
"Neptis leucoporos",1
"Neptis praslini",1
"Neptis rivularis",12
"Neptis saclava",6
"Nepytia canosaria",16
"Nepytia freemani",2
"Nepytia phantasmaria",11
"Nepytia semiclusaria",6
"Nepytia umbrosaria",9
"Nerice bidentata",1
"Nerice bipartita",1
"Nessaea aglaura",1
"Netria viridescens",4
"Neumoegenia poetica",1
"Neurobathra strigifinitella",7
"Neurostrota gunniella",2
"Nica flavilla",1
"Nisoniades castolus",1
"Nisoniades rubescens",2
"Nites betulella",8
"Nites grotella",3
"Nites maculatella",1
"Noctua comes",3
"Noctua fimbriata",1
"Noctua pronuba",18
"Nola argentea",1
"Nola cereella",1
"Nola cilicoides",1
"Nola clethrae",2
"Nola confusalis",4
"Nola cucullatella",8
"Nola fasciata",1
"Nola karelica",2
"Nola lagunculariae",1
"Nola minna",5
"Nola ovilla",1
"Nola squalida",4
"Nola taeniata",2
"Nomophila nearctica",10
"Nomophila noctuella",12
"Nonagria typhae",2
"Noorda blitealis",2
"Norape ovina",1
"Nordstromia argenticeps",1
"Nordstromia japonica",4
"Notarcha quaternalis",10
"Notarctia proxima",5
"Nothris congressariella",2
"Nothris verbascella",2
"Notioplusia illustrata",1
"Notocelia purpurissatana",1
"Notocelia rosaecolana",4
"Notodonta dromedarius",1
"Notodonta scitipennis",2
"Notodonta simplaria",2
"Notodonta torva",5
"Notodonta tritophus",2
"Notodonta ziczac",14
"Nudaria mundana",1
"Nyceryx nictitans",1
"Nychiodes palaestinensis",1
"Nyctelius nyctelius",6
"Nyctemera baulus",4
"Nyctemera coleta",1
"Nycteola asiatica",1
"Nycteola cinereana",3
"Nycteola degenerana",6
"Nycteola frigidana",1
"Nycteola revayana",7
"Nygmia fumosa",3
"Nygmia xanthomela",2
"Nymphalis californica",10
"Nymphalis vaualbum",2
"Nystalea collaris",1
"Nystalea ebalea",5
"Nystalea marona",1
"Nystalea superciliosa",1
"Ochlodes subhyalina",1
"Ochlodes sylvanoides",5
"Ochlodes venata",8
"Ochromolopis ictella",1
"Ochromolopis ramapoella",1
"Ochropacha duplaris",4
"Ochropleura plecta",3
"Ochsenheimeria urella",4
"Ochsenheimeria vacculella",2
"Ocnerostoma friesei",2
"Ocnerostoma piniariella",7
"Ocnerostoma strobivorum",1
"Ocybadistes hypomeloma",1
"Ocystola pyramis",1
"Odezia atrata",3
"Odonestis pruni",1
"Odontocheilopteryx myxa",4
"Odontodes aleuca",1
"Odontopera bidentata",25
"Odontosia carmelita",2
"Odontosia elegans",1
"Odontosia sieversii",1
"Oeneis chryxus",4
"Oeneis glacialis",1
"Oenochroma vinaria",1
"Oenomaus ortygnus",2
"Oenospila flavifusata",8
"Oerane microthyrus",1
"Ogdoconta cinereola",9
"Ogmograptis scribula",1
"Oidaematophorus eupatorii",1
"Oidaematophorus grisescens",1
"Oidaematophorus lithodactyla",2
"Oidaematophorus occidentalis",3
"Oidaematophorus rogenhoferi",1
"Oiketicus kirbyi",58
"Olceclostera angelica",1
"Olceclostera seraphica",5
"Olene inclusa",19
"Olene mendosa",101
"Oleria rubescens",1
"Oleria vicina",2
"Olethreutes albiciliana",3
"Olethreutes appendiceum",15
"Olethreutes atrodentana",3
"Olethreutes auricapitana",2
"Olethreutes baccatana",1
"Olethreutes bipartitana",2
"Olethreutes concinnana",1
"Olethreutes devotana",1
"Olethreutes electrofuscum",1
"Olethreutes exoletum",2
"Olethreutes fagigemmeana",3
"Olethreutes fasciatana",2
"Olethreutes furfuranum",1
"Olethreutes glaciana",6
"Olethreutes inornatana",4
"Olethreutes malana",2
"Olethreutes merrickanum",2
"Olethreutes mysteriana",1
"Olethreutes nigranum",2
"Olethreutes permundana",5
"Olethreutes quadrifidum",1
"Olethreutes schulziana",2
"Olethreutes sericoranum",1
"Olethreutes tilianum",1
"Olethreutes trinitana",1
"Olethreutes valdanum",3
"Olethreutes viburnanum",1
"Oligeria hemicalla",1
"Oligia fractilinea",2
"Oligia illocata",3
"Oligia mactata",2
"Oligia strigilis",2
"Oligocentria lignicolor",7
"Oligocentria pallida",3
"Oligocentria semirufescens",15
"Oligographa juniperi",1
"Olindia schumacherana",3
"Omiodes diemenalis",39
"Omiodes indicata",29
"Omiodes martyralis",3
"Omiodes origoalis",4
"Omphalocera cariosa",3
"Omphalocera munroei",2
"Oncocera semirubella",6
"Oncocnemis saundersiana",1
"Oncopera brachyphylla",1
"Oncopera mitocera",3
"Oneida lunulalis",1
"Operophtera bruceata",17
"Operophtera brumata",56
"Operophtera fagata",2
"Operophtera occidentalis",8
"Opharus procroides",1
"Ophiorrhabda mormopa",7
"Ophisma tropicalis",4
"Ophiusa coronata",15
"Ophiusa disjungens",4
"Ophiusa tirhaca",21
"Ophiusa triphaenoides",5
"Ophthalmitis albosignaria",2
"Ophthalmitis irrorataria",7
"Opisina arenosella",5
"Opisthograptis luteolata",8
"Opodiphthera eucalypti",26
"Opogona aurisquamosa",5
"Opogona glycyphaga",4
"Opogona omoscopa",5
"Opostega salaciella",3
"Opostegoides scioterma",3
"Opsiphanes bogotanus",1
"Opsiphanes cassina",6
"Opsiphanes invirae",12
"Opsiphanes quiteria",5
"Opsiphanes tamarindi",5
"Oraesia emarginata",10
"Orbamia octomaculata",1
"Orbona fragariae",1
"Oreana unicolorella",8
"Orecta lycidas",2
"Orgyia antiqua",83
"Orgyia antiquoides",6
"Orgyia araea",5
"Orgyia australis",4
"Orgyia cana",6
"Orgyia definita",5
"Orgyia detrita",4
"Orgyia leucostigma",125
"Orgyia leuschneri",1
"Orgyia osseata",28
"Orgyia postica",85
"Orgyia pseudotsugata",14
"Orgyia recens",13
"Orgyia vetusta",25
"Oriens gola",3
"Ornativalva heluanensis",5
"Ornativalva plutelliformis",5
"Orsotriaena medus",3
"Orthaga picta",3
"Orthodes bolteri",1
"Orthodes cynica",5
"Orthofidonia tinctaria",1
"Ortholepis myricella",1
"Ortholepis pasadamia",2
"Ortholepis rhodorella",1
"Orthonama obstipata",6
"Orthonama vittata",2
"Orthosia alurina",3
"Orthosia cerasi",3
"Orthosia cruda",3
"Orthosia garmani",7
"Orthosia gothica",30
"Orthosia gracilis",19
"Orthosia hibisci",52
"Orthosia incerta",6
"Orthosia opima",9
"Orthosia pacifica",9
"Orthosia populeti",1
"Orthosia praeses",5
"Orthosia revicta",18
"Orthosia rubescens",12
"Orthosia transparens",1
"Orthospila orissusalis",3
"Orthotelia sparganella",1
"Ortilia ithra",4
"Ortilia orthia",3
"Oruza semilux",2
"Orvasca subnotata",20
"Oryctometopia fossulatella",1
"Ostrinia furnacalis",21
"Ostrinia nubilalis",32
"Ostrinia obumbratalis",4
"Ostrinia penitalis",2
"Othorene hodeva",3
"Othorene verana",2
"Ourapteryx sambucaria",2
"Oxycnemis fusimacula",1
"Oxydia apidania",1
"Oxydia platypterata",1
"Oxydia vesulia",11
"Oxyodes scrobiculata",4
"Oxyptilus chrysodactyla",1
"Oxyptilus delawaricus",3
"Oxyptilus parvidactyla",1
"Oxyptilus pilosellae",1
"Ozamia fuscomaculella",1
"Ozarba aeria",1
"Pachliopta hector",2
"Pachylia ficus",7
"Pachylia syces",3
"Pachylioides resumens",2
"Pachysphinx modesta",11
"Pachysphinx occidentalis",3
"Pachythelia villosella",2
"Packardia elegans",2
"Paectes abrostoloides",1
"Paectes cyanodes",1
"Paectes declinata",1
"Paectes lunodes",1
"Paectes oculatrix",2
"Paectes pygmaea",1
"Pagyda botydalis",2
"Pagyda salvalis",2
"Paleacrita longiciliata",1
"Paleacrita vernata",42
"Paliga damastesalis",1
"Paliga mandronalis",2
"Palla decius",1
"Palla ussheri",2
"Palpidia pallidior",1
"Palpita bonjongalis",1
"Palpita flegia",3
"Palpita kimballi",1
"Palpita magniferalis",3
"Palpita nigropunctalis",1
"Palpita quadristigmalis",4
"Palpita unionalis",3
"Palpita vitrealis",1
"Palthis angulalis",37
"Palthis asopialis",4
"Palumbina guerinii",2
"Pammene argyrana",1
"Pammene aurana",1
"Pammene aurita",1
"Pammene clanculana",1
"Pammene fasciana",4
"Pammene gallicana",6
"Pammene luedersiana",2
"Pammene ochsenheimeriana",5
"Pammene populana",2
"Pammene regiana",2
"Pammene rhediella",2
"Pammene suspectana",1
"Panacela lewinae",7
"Pancalia leuwenhoekella",1
"Pandemis canadana",20
"Pandemis cerasana",6
"Pandemis cinnamomeana",9
"Pandemis corylana",6
"Pandemis dumetana",14
"Pandemis heparana",35
"Pandemis lamprosana",22
"Pandemis limitata",22
"Pandesma quenavadi",4
"Pandesma robusta",2
"Panemeria tenebrata",2
"Pangrapta decoralis",4
"Panolis flammea",6
"Panopoda carneicosta",1
"Panopoda rufimargo",5
"Panoquina panoquin",1
"Panoquina panoquinoides",4
"Panthea acronyctoides",15
"Panthea coenobita",4
"Panthea pallescens",4
"Pantoctenia gemmans",1
"Pantographa limata",3
"Pantophaea favillacea",1
"Pantoporia consimilis",1
"Pantoporia venilia",1
"Pantydia metaspila",1
"Paonias astylus",9
"Paonias excaecata",26
"Paonias myops",7
"Papaipema araliae",1
"Papaipema arctivorens",4
"Papaipema baptisiae",3
"Papaipema beeriana",2
"Papaipema birdi",2
"Papaipema cataphracta",23
"Papaipema cerina",3
"Papaipema cerussata",2
"Papaipema duplicatus",1
"Papaipema eryngii",3
"Papaipema eupatorii",1
"Papaipema furcata",3
"Papaipema harrisii",3
"Papaipema impecuniosa",4
"Papaipema inquaesita",1
"Papaipema insulidens",1
"Papaipema leucostigma",1
"Papaipema lysimachiae",2
"Papaipema nebris",78
"Papaipema necopina",6
"Papaipema nelita",1
"Papaipema pterisii",1
"Papaipema rigida",7
"Papaipema rutila",6
"Papaipema sciata",1
"Papaipema silphii",5
"Papaipema speciosissima",3
"Papaipema stenocelis",1
"Papaipema unimoda",3
"Papestra biren",4
"Papestra cristifera",14
"Papestra invalida",1
"Papestra quadrata",6
"Papilio alexanor",8
"Papilio ambrax",1
"Papilio anactus",3
"Papilio anchisiades",12
"Papilio androgeus",9
"Papilio aristodemus",3
"Papilio astyalus",8
"Papilio bianor",15
"Papilio brevicauda",11
"Papilio cresphontes",20
"Papilio demodocus",13
"Papilio eurymedon",22
"Papilio glaucus",40
"Papilio hectorides",5
"Papilio helenus",16
"Papilio indra",22
"Papilio joanae",3
"Papilio nephelus",7
"Papilio palamedes",9
"Papilio paris",10
"Papilio polyctor",5
"Papilio protenor",27
"Papilio rutulus",32
"Papilio thoas",15
"Papilio torquatus",1
"Papilio troilus",14
"Papilio ulysses",3
"Parabagrotis formalis",1
"Parachronistis albiceps",2
"Paraclemensia acerifoliella",5
"Paracles fusca",18
"Paracolax tristalis",2
"Paracrama dulcissima",2
"Paradarisa consonaria",5
"Paradiarsia littoralis",7
"Paradirphia boudinoti",1
"Paradirphia semirosea",1
"Parafomoria helianthemella",4
"Parahyponomeuta egregiella",2
"Paralebeda lucifuga",3
"Paraleucoptera albella",4
"Parallelia bistriaris",5
"Paralobesia piceana",11
"Paramesia gnomana",1
"Paranthrene dollii",1
"Paranthrene robiniae",3
"Paranthrene simulans",6
"Paranthrene tabaniformis",10
"Parantica agleoides",1
"Parantica melaneus",3
"Parapamea buffaloensis",1
"Parapediasia teterrellus",1
"Parapodia sinaica",2
"Parapoynx allionealis",1
"Parapoynx badiusalis",1
"Parapoynx crisonalis",8
"Parapoynx diminutalis",6
"Parapoynx fluctuosalis",2
"Parapoynx obscuralis",2
"Parapoynx stagnalis",3
"Parapoynx stratiotata",1
"Pararctia lapponica",3
"Pararethona hierax",1
"Parasa chloris",2
"Parasa indetermina",7
"Parasa urda",1
"Parasa viridissima",5
"Parascotia fuliginaria",1
"Parasemia plantaginis",3
"Parasinga lichenina",1
"Parastichtis suspecta",3
"Paraswammerdamia albicapitella",1
"Paraswammerdamia conspersella",1
"Paraswammerdamia lapponica",1
"Paratrea plebeja",6
"Pardasena virgulana",6
"Parectopa ononidis",1
"Parectopa pennsylvaniella",1
"Parectopa plantaginisella",1
"Parectopa robiniella",4
"Pareronia valeria",1
"Pareuchaetes insulata",3
"Pareulype berberata",1
"Parides neophilus",1
"Parides sesostris",1
"Parnara ganga",1
"Parnara guttatus",8
"Parnara naso",6
"Parnassius apollo",14
"Parnassius clodius",4
"Parnassius eversmanni",7
"Parnassius nomion",2
"Parnassius stubbendorfii",5
"Parocystola leucospora",1
"Parornix alpicola",1
"Parornix anglicella",3
"Parornix anguliferella",4
"Parornix arbutifoliella",1
"Parornix betulae",2
"Parornix carpinella",1
"Parornix conspicuella",1
"Parornix crataegifoliella",2
"Parornix devoniella",1
"Parornix fagivora",1
"Parornix finitimella",2
"Parornix obliterella",1
"Parornix petiolella",3
"Parornix polygrammella",1
"Parornix quadripunctella",3
"Parornix scoticella",2
"Parornix torquillella",2
"Parornix vicinella",1
"Parotis marginata",10
"Parotis marinata",2
"Parotis prasinalis",1
"Parotis punctiferalis",1
"Parrhasius m-album",4
"Parrhasius polibetes",1
"Parthenos sylvia",3
"Parum colligata",1
"Passova passova",1
"Pataeta carbo",6
"Patagoniodes farinaria",1
"Patalene falcularia",2
"Patalene olyzonaria",1
"Pectinophora gossypiella",29
"Pectinophora scutigera",2
"Pedaliodes phrasicla",1
"Pediasia aridella",2
"Pediasia contaminella",1
"Pediasia trisecta",3
"Pelagodes veraria",4
"Pelochrista caecimaculana",1
"Pelochrista womonana",2
"Pelochyta arontes",1
"Pelochyta cinerea",1
"Pelurga comitata",9
"Pempelia palumbella",1
"Pempeliella ornatella",1
"Penicillaria jocosatrix",7
"Penicillifera apicalis",3
"Pennisetia hylaeiformis",4
"Pennisetia marginata",3
"Penstemonia clarkei",2
"Perconia strigillaria",1
"Pergesa acteus",9
"Peribatodes ilicaria",2
"Peribatodes rhomboidaria",2
"Peribatodes secundaria",1
"Pericyma cruegeri",6
"Pericyma mendax",5
"Pericyma scandulata",1
"Peridea graeseri",2
"Peridroma saucia",97
"Perigea xanthioides",2
"Perigonia lusca",5
"Perigonica angulata",3
"Perimede erransella",5
"Perina nuda",11
"Periphanes delphinii",2
"Periphoba arcaei",15
"Periphoba hircia",5
"Periploca nigra",4
"Perittia herrichiella",1
"Perittia obscurepunctella",1
"Perizoma affinitata",1
"Perizoma albulata",1
"Perizoma alchemillata",3
"Perizoma bifaciata",1
"Perizoma custodiata",3
"Perizoma flavofasciata",2
"Perizoma hydrata",3
"Perizoma lugdunaria",1
"Pero behrensaria",16
"Pero honestaria",2
"Pero hubneraria",1
"Pero macdunnoughi",3
"Pero meskaria",2
"Pero mizon",5
"Pero morrisonaria",19
"Pero occidentalis",1
"Pero zalissaria",1
"Persectania dyscrita",1
"Persectania ewingii",1
"Perthida glyphopa",14
"Petelia medardaria",7
"Petrophora chlorosata",1
"Pexicopia malvella",2
"Phaecasiophora niveiguttana",1
"Phaedyma columella",9
"Phaedyma shepherdi",9
"Phaeostrymon alcestis",1
"Phalacropterix graslinella",7
"Phalaenostola larentioides",1
"Phalaenostola metonalis",4
"Phalanta alcippe",2
"Phalera bucephala",16
"Phalera takasagoensis",5
"Phalerodonta manleyi",9
"Phalonidia affinitana",3
"Phalonidia contractana",4
"Phalonidia curvistrigana",5
"Phalonidia gilvicomana",3
"Phalonidia manniana",5
"Phaneta argenticostana",1
"Phaneta elongana",1
"Phaneta infimbriana",1
"Phaneta ochroterminana",1
"Phaneta pallidarcis",1
"Phaneta parmatana",1
"Phaneta tomonana",1
"Pharambara splendida",1
"Phareas coeleste",3
"Pharmacis fusconebulosa",2
"Phaulernis dentella",1
"Phaulernis fulviguttella",2
"Pheia albisigna",1
"Phenacodes aleuropa",1
"Pheosia gnoma",2
"Pheosia portlandia",6
"Pheosia rimosa",3
"Pheosia tremula",3
"Pherne subpunctata",1
"Phiaris metallicana",1
"Phibalapteryx virgata",1
"Phidotricha erigens",8
"Phigalia pilosaria",5
"Phigalia plumogeraria",9
"Phigalia strigataria",2
"Phigalia titea",26
"Philaethria dido",9
"Philarista porphyrinella",1
"Philedia punctomacularia",1
"Philedone gerningana",3
"Philedonides lunana",6
"Philereme transversata",1
"Philereme vetulata",1
"Philotes sonorensis",3
"Philotiella speciosa",5
"Philtraea elegantaria",1
"Phlogophora iris",3
"Phlogophora meticulosa",12
"Phlogophora periculosa",15
"Phoberia atomaris",2
"Phobetron hipparchia",24
"Phobetron pithecium",9
"Phocoderma velutina",7
"Phoebis argante",6
"Phoebis statira",4
"Phoebis trite",2
"Phoenicoprocta sanguinea",1
"Pholodes sinistraria",4
"Phosphila miselioides",1
"Phosphila turbulenta",2
"Photedes captiuncula",2
"Photedes extrema",1
"Photedes fluxa",2
"Photedes minima",1
"Photedes morrisii",1
"Photoscotosia miniosata",1
"Phragmataecia castaneae",2
"Phragmatiphila nexa",2
"Phragmatobia assimilans",3
"Phragmatobia fuliginosa",18
"Phricanthes flexilineana",1
"Phrissogonus laticostata",1
"Phryxus caicus",2
"Phtheochroa birdana",1
"Phtheochroa inopiana",2
"Phtheochroa rugosana",2
"Phtheochroa sodaliana",2
"Phthonosema tendinosaria",16
"Phthorimaea operculella",32
"Phyciodes batesii",3
"Phyciodes mylitta",9
"Phyciodes orseis",1
"Phyciodes phaon",2
"Phycita diaphana",1
"Phycita melongenae",1
"Phycita roborella",2
"Phycitodes albatella",2
"Phycitodes binaevella",3
"Phycitodes maritima",2
"Phycodes minor",5
"Phyllocnistis ampelopsiella",2
"Phyllocnistis citrella",22
"Phyllocnistis insignis",4
"Phyllocnistis labyrinthella",1
"Phyllocnistis magnoliella",3
"Phyllocnistis populiella",6
"Phyllocnistis saligna",3
"Phyllocnistis unipunctella",1
"Phyllocnistis vitegenella",2
"Phyllocnistis xenia",1
"Phyllodes eyndhovii",1
"Phyllodesma americana",31
"Phyllodesma ilicifolia",5
"Phyllonorycter acaciella",2
"Phyllonorycter acerifoliella",1
"Phyllonorycter acutissimae",5
"Phyllonorycter agilella",1
"Phyllonorycter alaskana",1
"Phyllonorycter alnivorella",1
"Phyllonorycter alpina",1
"Phyllonorycter anderidae",2
"Phyllonorycter apparella",2
"Phyllonorycter argentinotella",2
"Phyllonorycter basistrigella",11
"Phyllonorycter belotella",2
"Phyllonorycter blancardella",5
"Phyllonorycter cavella",4
"Phyllonorycter celtidis",1
"Phyllonorycter celtifoliella",1
"Phyllonorycter celtisella",1
"Phyllonorycter cerasicolella",4
"Phyllonorycter chiclanella",1
"Phyllonorycter chrysella",2
"Phyllonorycter clemensella",2
"Phyllonorycter comparella",3
"Phyllonorycter connexella",2
"Phyllonorycter coryli",1
"Phyllonorycter corylifoliella",11
"Phyllonorycter crataegella",19
"Phyllonorycter cydoniella",5
"Phyllonorycter cytisella",1
"Phyllonorycter delitella",2
"Phyllonorycter distentella",2
"Phyllonorycter diversella",4
"Phyllonorycter dubitella",1
"Phyllonorycter emberizaepenella",6
"Phyllonorycter endryella",2
"Phyllonorycter foliolosi",2
"Phyllonorycter fraxinella",2
"Phyllonorycter froelichiella",1
"Phyllonorycter geniculella",1
"Phyllonorycter gerasimowi",1
"Phyllonorycter grewiella",2
"Phyllonorycter harrisella",3
"Phyllonorycter heegeriella",2
"Phyllonorycter hibiscina",1
"Phyllonorycter hikosana",1
"Phyllonorycter holodisci",1
"Phyllonorycter insignitella",3
"Phyllonorycter intermixta",1
"Phyllonorycter issikii",6
"Phyllonorycter japonica",4
"Phyllonorycter juglandis",2
"Phyllonorycter juncei",2
"Phyllonorycter junoniella",1
"Phyllonorycter kamijoi",3
"Phyllonorycter kearfottella",3
"Phyllonorycter kleemannella",1
"Phyllonorycter lantanella",3
"Phyllonorycter lautella",2
"Phyllonorycter ledella",1
"Phyllonorycter leucocorona",2
"Phyllonorycter leucographella",1
"Phyllonorycter lucetiella",3
"Phyllonorycter lucidicostella",3
"Phyllonorycter maestingella",1
"Phyllonorycter matsudai",1
"Phyllonorycter melanosparta",2
"Phyllonorycter mespilella",6
"Phyllonorycter messaniella",4
"Phyllonorycter millierella",1
"Phyllonorycter monspessulanella",1
"Phyllonorycter muelleriella",2
"Phyllonorycter myricae",2
"Phyllonorycter nevadensis",1
"Phyllonorycter nicellii",1
"Phyllonorycter nigrescentella",4
"Phyllonorycter nigristella",3
"Phyllonorycter nipigon",1
"Phyllonorycter nipponicella",6
"Phyllonorycter obtusifoliella",1
"Phyllonorycter orientalis",3
"Phyllonorycter ostryaefoliella",1
"Phyllonorycter oxyacanthae",3
"Phyllonorycter parisiella",2
"Phyllonorycter parvifoliella",1
"Phyllonorycter pastorella",5
"Phyllonorycter platani",3
"Phyllonorycter populifoliella",1
"Phyllonorycter propinquinella",2
"Phyllonorycter pterocaryae",2
"Phyllonorycter pumilae",1
"Phyllonorycter pyrifoliella",1
"Phyllonorycter quercifoliella",3
"Phyllonorycter quinqueguttella",2
"Phyllonorycter rajella",1
"Phyllonorycter rebimbasi",1
"Phyllonorycter ringoniella",3
"Phyllonorycter robiniella",3
"Phyllonorycter roboris",3
"Phyllonorycter sagitella",1
"Phyllonorycter salicicolella",3
"Phyllonorycter salicifoliella",8
"Phyllonorycter salictella",1
"Phyllonorycter scabiosella",1
"Phyllonorycter schreberella",1
"Phyllonorycter scitulella",1
"Phyllonorycter scopariella",1
"Phyllonorycter similis",4
"Phyllonorycter sorbi",3
"Phyllonorycter sorbicola",5
"Phyllonorycter spinicolella",3
"Phyllonorycter staintoniella",1
"Phyllonorycter stephanandrae",1
"Phyllonorycter stettinensis",1
"Phyllonorycter strigulatella",2
"Phyllonorycter suaveolentis",1
"Phyllonorycter suberifoliella",1
"Phyllonorycter tenerella",1
"Phyllonorycter trifasciella",2
"Phyllonorycter triflorella",2
"Phyllonorycter trinotella",3
"Phyllonorycter tristrigella",2
"Phyllonorycter tritaenianella",1
"Phyllonorycter trojana",1
"Phyllonorycter troodi",1
"Phyllonorycter ulicicolella",1
"Phyllonorycter ulmifoliella",3
"Phyllonorycter viminetorum",1
"Phyllonorycter zelkovae",1
"Phyllosphingia dissimilis",1
"Phymatopus californicus",2
"Phymatopus hecta",1
"Phymatopus hectoides",3
"Phyprosopus callitrichoides",1
"Phystis simois",4
"Phytometra viridaria",2
"Picrostomastis subrosealis",1
"Pieris virginiensis",3
"Pilocrocis ramentalis",2
"Pima albiplagiatella",1
"Pima boisduvaliella",3
"Pingasa abyssinaria",4
"Pingasa chlora",5
"Pingasa rhadamaria",2
"Pingasa ruginaria",19
"Piniphila bifasciana",4
"Pinzulenza kukisch",3
"Pithecops corvus",4
"Plagiomimicus pityochromus",1
"Plagiomimicus spumosum",1
"Plagiomimicus tepperi",1
"Plagodis alcoolaria",12
"Plagodis dolabraria",8
"Plagodis fervidaria",1
"Plagodis phlogosaria",12
"Plagodis pulveraria",20
"Plagodis serinaria",8
"Plataea personaria",1
"Platarctia parthenos",5
"Platyedra subcinerea",6
"Platyja umminia",1
"Platynota flavedana",14
"Platynota idaeusalis",9
"Platynota labiosana",1
"Platynota nigrocervina",8
"Platynota rostrana",40
"Platynota stultana",23
"Platyptilia calodactyla",1
"Platyptilia carduidactyla",4
"Platyptilia farfarellus",1
"Platyptilia gonodactyla",1
"Platyptilia nemoralis",2
"Platyptilia tesseradactyla",1
"Platyptilia williamsii",8
"Platysphinx constrigilis",2
"Platysphinx phyllis",1
"Platysphinx piabilis",2
"Platytes cerussella",1
"Plebejus argus",2
"Plebulina emigdionis",2
"Plecoptera quaesita",2
"Plecoptera reflexa",5
"Plecoptera violacea",3
"Plectophila discalis",1
"Plemyria georgii",9
"Plemyria rubiginata",4
"Pleromella opter",1
"Pleromelloida cinerea",1
"Pleromelloida conserta",2
"Pleuroprucha asthenaria",4
"Pleuroprucha insulsaria",9
"Pleuroptya balteata",37
"Pleuroptya ruralis",4
"Pleuroptya sabinusalis",4
"Pleurota albastrigulella",1
"Plodia interpunctella",48
"Plusia contexta",1
"Plusia festucae",3
"Plusia putnami",3
"Plusiodonta coelonota",7
"Plusiodonta compressipalpis",1
"Plusiopalpa adrasta",2
"Plutella armoraciae",1
"Plutella porrectella",2
"Plutella xylostella",29
"Poanes aaroni",1
"Poanes massasoit",1
"Poanes viator",5
"Poanes zabulon",8
"Pococera aplastella",7
"Pococera asperatella",10
"Pococera euphemella",3
"Pococera expandens",6
"Pococera floridella",1
"Pococera maritimalis",1
"Pococera melanogrammos",1
"Pococera militella",1
"Pococera robustella",5
"Pococera scortealis",1
"Pococera subcanalis",1
"Podiasa chiococcella",1
"Podosesia syringae",10
"Poecilocampa populi",26
"Pogochaetia solitaria",1
"Poladryas arachne",7
"Poladryas minuta",4
"Polia bombycina",12
"Polia conspicua",3
"Polia imbrifera",5
"Polia nebulosa",8
"Polia nimbosa",5
"Polia purpurissata",13
"Polia richardsoni",1
"Poliana wintgensi",4
"Poliopastea indistincta",1
"Polites peckius",2
"Polites sabuleti",7
"Polites sonora",1
"Polix coloradella",2
"Polychrysia moneta",5
"Polychrysia morigera",2
"Polydesma boarmoides",3
"Polydesma umbricola",6
"Polygonia egea",2
"Polygonia faunus",9
"Polygonia interrogationis",14
"Polygonia oreas",5
"Polygonus leo",6
"Polygrammate hebraeicum",1
"Polygrammodes junctilinealis",1
"Polyhymno chionarcha",1
"Polyhymno luteostrigella",2
"Polylopha epidesma",1
"Polymixis flavicincta",1
"Polymixis lichenea",2
"Polymixis polymita",2
"Polyocha depressella",1
"Polyommatus coridon",2
"Polypogon tentacularia",1
"Polyptychoides grayii",2
"Polyptychus carteri",1
"Polyptychus coryndoni",1
"Polyptychus trilineatus",5
"Polytela gloriosae",2
"Polythrix caunus",1
"Polythrix octomaculata",4
"Polytremis lubricans",4
"Polyura athamas",22
"Polyura hebe",6
"Polyura sempronius",30
"Pompeius verna",1
"Pontia beckerii",13
"Pontia helice",4
"Pontia sisymbrii",12
"Porphyrosela minuta",2
"Potanthus omaha",4
"Povolnya leucapennella",1
"Praepedaliodes phanias",3
"Prasinocyma bifimbriata",1
"Prasinocyma neglecta",2
"Prasinoxena metaleuca",2
"Prays citri",5
"Prays oleae",1
"Prepona laertes",2
"Prepona meander",3
"Pringleophaga kerguelensis",1
"Prionapteryx nebulifera",1
"Prionoxystus macmurtrei",1
"Prionoxystus robiniae",13
"Pristerognatha penthinana",1
"Problema bulenta",1
"Problema byssus",2
"Probole alienaria",1
"Probole amicaria",30
"Probole nepiasaria",2
"Procalyptis parooptera",7
"Prochoerodes forficaria",2
"Prochoerodes transversata",26
"Prochoerodes truxaliata",1
"Prochoreutis inflatella",2
"Prochoreutis myllerana",2
"Prochoreutis sehestediana",2
"Procitheronia principalis",1
"Procymbopteryx belialis",1
"Prodoxus cinereus",1
"Prodoxus intricatus",1
"Prodoxus ochrocarus",1
"Prodoxus pulverulentus",1
"Prolimacodes badia",12
"Prolita solutella",2
"Prolita variabilis",1
"Promalactis suzukiella",1
"Promylea lunigerella",5
"Prorodes mimica",1
"Proserpinus juanita",2
"Proserpinus proserpina",1
"Prosotas dubiosa",2
"Prosotas nora",3
"Protambulyx strigilis",12
"Proteoteras aesculana",8
"Proteoteras crescentana",1
"Proteoteras moffatiana",4
"Proteoteras willingana",2
"Protesilaus protesilaus",2
"Protitame virginalis",6
"Protoboarmia porcelaria",32
"Protodeltote pygarga",1
"Protolampra brunneicollis",5
"Protolampra rufipectus",3
"Protolampra sobrina",4
"Protolithocolletis lathyri",1
"Protorthodes incincta",4
"Protorthodes oviduca",1
"Protorthodes rufula",7
"Protoschinia nuchalis",1
"Protoschinia scutosa",3
"Protuliocnemis biplagiata",1
"Protuliocnemis partita",3
"Provia argentata",1
"Psalis pennatula",17
"Psamathocrita argentella",1
"Psammotis pulveralis",2
"Psaphida electilis",2
"Psaphida rolandi",1
"Psara obscuralis",1
"Pselnophorus heterodactyla",3
"Pseudaletia sequax",2
"Pseudantheraea discrepans",2
"Pseudanthracia coracias",2
"Pseudaphelia apollinaris",3
"Pseudargyrotoza conwagana",2
"Pseudautomeris latus",2
"Pseudautomeris salmonea",2
"Pseudeustrotia carneola",3
"Pseudeva purpurigera",2
"Pseudexentera cressoniana",2
"Pseudexentera habrosana",6
"Pseudexentera haracana",2
"Pseudexentera kalmiana",1
"Pseudexentera oregonana",1
"Pseudexentera spoliana",2
"Pseudexentera vaccinii",1
"Pseudimbrasia deyrollei",1
"Pseudobunaea epithyrena",1
"Pseudobunaea irius",7
"Pseudobunaea tyrrhena",6
"Pseudochazara hippolyte",1
"Pseudochelaria walsinghami",1
"Pseudoclanis postica",8
"Pseudocoladenia dan",2
"Pseudocopaeodes eunus",1
"Pseudocopivaleria anaverta",1
"Pseudodirphia eumedide",6
"Pseudodirphia eumedidoides",2
"Pseudodirphia regia",1
"Pseudogalleria inimicella",1
"Pseudohermonassa bicarnea",7
"Pseudohermonassa tenuicula",1
"Pseudolycaena marsyas",4
"Pseudopanthera macularia",2
"Pseudophilotes baton",1
"Pseudopieris nehemia",1
"Pseudopostega auritella",3
"Pseudorthodes irrorata",11
"Pseudorthodes vecors",3
"Pseudorthosia variabilis",1
"Pseudosciaphila branderiana",3
"Pseudosciaphila duplex",11
"Pseudosphetta moorei",1
"Pseudosphinx tetrio",5
"Pseudosterrha paulula",2
"Pseudoswammerdamia combinella",2
"Pseudotelphusa quercinigracella",1
"Pseudotelphusa tessella",1
"Pseudothyatira cymatophoroides",13
"Psilocorsis arguta",1
"Psilocorsis cryptolechiella",11
"Psilocorsis quercicella",7
"Psilocorsis reflexella",9
"Psilogramma increta",1
"Psilogramma menephron",15
"Psilopygida crispula",2
"Psoricoptera gibbosella",1
"Psorosina hammondi",3
"Psyche casta",9
"Psyche crassiorella",7
"Psychoides verhuella",1
"Psychomorpha epimenis",2
"Pterapherapteryx sexalata",5
"Pterolonche inspersa",1
"Pteronymia artena",3
"Pteronymia cotytto",1
"Pteronymia latilla",1
"Pteronymia notilla",4
"Pteronymia vestilla",1
"Pterophorus pentadactyla",1
"Pterostoma palpina",5
"Pterotaea lamiaria",1
"Ptilodon capucina",18
"Ptilodon okanoi",1
"Ptilophora plumigera",2
"Ptiloscola dargei",1
"Ptocheuusa abnormella",1
"Ptocheuusa paupella",2
"Ptochostola microphaeellus",2
"Ptycholoma lecheana",10
"Ptycholomoides aeriferana",4
"Ptyobathra atrisquamella",1
"Ptyoptila matutinella",1
"Ptyssoptera tryphera",1
"Pycnarmon jaguaralis",1
"Pygaera timon",1
"Pygarctia spraguei",1
"Pygmaena fusca",1
"Pygmaeomorpha modesta",1
"Pygospila tyres",5
"Pyralis farinalis",16
"Pyralis manihotalis",10
"Pyralis pictalis",5
"Pyramidobela quinquecristata",2
"Pyrausta aurata",1
"Pyrausta californicalis",1
"Pyrausta cingulata",1
"Pyrausta despicata",2
"Pyrausta fodinalis",1
"Pyrausta generosa",1
"Pyrausta nigrata",1
"Pyrausta orphisalis",1
"Pyrausta panopealis",1
"Pyrausta perrubralis",1
"Pyrausta phoenicealis",10
"Pyrausta purpuralis",1
"Pyrausta sanguinalis",1
"Pyrausta signatalis",2
"Pyrausta subsequalis",3
"Pyrausta tyralis",2
"Pyrausta unifascialis",2
"Pyreferra citrombra",4
"Pyreferra hesperidago",1
"Pyreferra pettiti",2
"Pyrgus albescens",1
"Pyrgus ruralis",6
"Pyrgus xanthus",1
"Pyroderces argyrogrammos",1
"Pyronia bathseba",3
"Pyronia cecilia",4
"Pyronia tithonus",8
"Pyropteron chrysidiformis",2
"Pyropteron minianiformis",3
"Pyrrharctia isabella",33
"Pyrrhia exprimens",9
"Pyrrhia umbra",21
"Pyrrhogyra neaerea",2
"Pyrrhopygopsis socrates",4
"Quadrina diazoma",1
"Quercusia quercus",1
"Quinta cannae",2
"Rachiplusia nu",17
"Rachiplusia ou",7
"Radara subcupralis",2
"Rapala iarbus",13
"Raphia frater",9
"Rectiostoma fernaldella",11
"Rectiostoma xanthobasis",1
"Recurvaria leucatella",4
"Recurvaria nanella",14
"Rehimena surusalis",3
"Renia adspergillus",1
"Retinia resinella",3
"Rhadinopasa hornimani",2
"Rhagades pruni",4
"Rhagastis albomarginatus",1
"Rhagastis confusa",1
"Rhectocraspeda periusalis",13
"Rhesala moestalis",8
"Rhescyntis hippodamia",2
"Rheumaptera cervinalis",2
"Rheumaptera hastata",18
"Rheumaptera subhastata",10
"Rheumaptera undulata",18
"Rhigognostis annulatella",1
"Rhigognostis incarnatella",3
"Rhizedra lutosa",1
"Rhizosthenes falciformis",2
"Rhodinia fugax",12
"Rhodinia jankowskii",1
"Rhodinia newara",4
"Rhodinia verecunda",3
"Rhodogastria similis",3
"Rhodometra sacraria",3
"Rhodoneura aurata",1
"Rhodoneura terminalis",1
"Rhodophaea formosa",1
"Rhodostrophia vibicaria",2
"Rhopobota dietziana",1
"Rhopobota finitimana",6
"Rhopobota myrtillana",4
"Rhopobota naevana",7
"Rhopobota stagnana",1
"Rhopobota ustomaculana",4
"Rhuda tuisa",1
"Rhyacionia buoliana",16
"Rhyacionia duplana",2
"Rhyacionia frustrana",23
"Rhyacionia granti",1
"Rhyacionia logaea",3
"Rhyacionia pasadenana",3
"Rhyacionia pinicolana",2
"Rhyacionia pinivorana",1
"Rhyacionia subtropica",4
"Rhyparia purpurata",10
"Richia albicosta",3
"Richia grotei",1
"Rifargia nebulosa",2
"Risoba obstructa",5
"Risoba prominens",1
"Rivula sericealis",2
"Robinsonia dewitzi",3
"Roeslerstammia erxlebella",3
"Rohaniella pygmaea",1
"Rothschildia aricia",1
"Rothschildia aurota",22
"Rothschildia condor",1
"Rothschildia erycina",5
"Rothschildia hesperus",17
"Rothschildia jacobaeae",16
"Rothschildia lebeau",24
"Rothschildia orizaba",12
"Rothschildia schreiteriana",1
"Rufoclanis rosea",1
"Rusina ferruginea",3
"Sabra harpagula",2
"Sabulodes aegrotata",4
"Sabulodes arge",1
"Sabulodes caberata",21
"Sabulodes edwardsata",6
"Saenura flava",9
"Salbia cassidalis",1
"Salbia haemorrhoidalis",2
"Salebriaria tenebrosella",1
"Salebriopsis albicilla",2
"Saliana antoninus",1
"Samea multiplicalis",3
"Sameodes cancellalis",3
"Sannina uroceriformis",1
"Sarbanissa transiens",1
"Sarimarais bicolor",1
"Sarobela litterata",1
"Sasunaga tenebrosa",2
"Satole ligniperdalis",1
"Saturnia albofasciata",9
"Saturnia anona",7
"Saturnia cephalariae",1
"Saturnia japonica",5
"Saturnia lindia",9
"Saturnia pavonia",37
"Saturnia pyri",14
"Saturnia thibeta",4
"Saturnia walterorum",9
"Satyrium auretorum",4
"Satyrium behrii",3
"Satyrium calanus",18
"Satyrium edwardsii",7
"Satyrium liparops",25
"Satyrium saepium",8
"Satyrus actaea",10
"Satyrus ferula",4
"Saucrobotys fumoferalis",1
"Saucrobotys futilalis",1
"Saurita cassandra",1
"Savoca divitalis",1
"Scada zibia",2
"Scardamia metallaria",1
"Sceliodes cordalis",2
"Sceliodes laisalis",4
"Schausiella arpi",2
"Schausiella santarosensis",1
"Schinia acutilinea",2
"Schinia arcigera",5
"Schinia argentifascia",2
"Schinia biforma",1
"Schinia bina",4
"Schinia biundulata",1
"Schinia cardui",1
"Schinia chrysellus",1
"Schinia ciliata",1
"Schinia citrinellus",1
"Schinia cognata",1
"Schinia cupes",2
"Schinia deserticola",1
"Schinia felicitata",1
"Schinia florida",5
"Schinia gaurae",3
"Schinia gracilenta",2
"Schinia intrabilis",1
"Schinia ligeae",2
"Schinia miniana",3
"Schinia mitis",3
"Schinia nubila",1
"Schinia nundina",2
"Schinia obscurata",1
"Schinia oculata",1
"Schinia olivacea",2
"Schinia pulchripennis",1
"Schinia rivulosa",2
"Schinia saturata",2
"Schinia scutosa",1
"Schinia separata",2
"Schinia siren",1
"Schinia sordidus",1
"Schinia tobia",1
"Schinia trifascia",7
"Schinia tuberculum",1
"Schinia unimacula",2
"Schinia volupia",1
"Schistonoea fulvidella",1
"Schizura apicalis",1
"Schizura badia",2
"Schizura concinna",49
"Schizura ipomoeae",22
"Schizura leptinoides",14
"Schizura unicornis",41
"Schoenobius gigantella",1
"Schrankia taenialis",1
"Schreckensteinia erythriella",1
"Schreckensteinia festaliella",3
"Scioglyptis canescaria",1
"Sciota adelphella",3
"Sciota hostilis",1
"Sciota rhenella",2
"Scirpophaga excerptalis",5
"Scirpophaga incertulas",9
"Scirpophaga nivella",4
"Sclerocona acutella",1
"Scolecocampa liburna",3
"Scoliopteryx libatrix",26
"Scoparia pyralella",1
"Scoparia subfusca",1
"Scopelodes pallivittata",1
"Scopelodes testacea",6
"Scopula cacuminaria",1
"Scopula emissaria",11
"Scopula emutaria",1
"Scopula floslactata",3
"Scopula immorata",2
"Scopula immutata",4
"Scopula incanata",2
"Scopula inductata",1
"Scopula limboundata",6
"Scopula minorata",2
"Scopula nigrinotata",1
"Scopula ornata",2
"Scopula sentinaria",1
"Scopula ternata",3
"Scopula virgulata",1
"Scorpiopsis pyrobola",2
"Scotopteryx bipunctaria",1
"Scotopteryx chenopodiata",2
"Scotopteryx luridata",1
"Scotopteryx peribolata",1
"Scrobipalpa artemisiella",1
"Scrobipalpa atriplicella",5
"Scrobipalpa chrysanthemella",1
"Scrobipalpa clintoni",1
"Scrobipalpa costella",1
"Scrobipalpa disjectella",2
"Scrobipalpa ergasima",5
"Scrobipalpa halonella",1
"Scrobipalpa instabilella",1
"Scrobipalpa monochromella",1
"Scrobipalpa murinella",1
"Scrobipalpa nitentella",2
"Scrobipalpa obsoletella",1
"Scrobipalpa ocellatella",2
"Scrobipalpa salinella",2
"Scrobipalpa samadensis",2
"Scrobipalpa suasella",1
"Scrobipalpopsis petasitis",1
"Scrobipalpula lutescella",2
"Scrobipalpula psilella",2
"Scrobipalpula tussilaginis",1
"Scythris inspersella",5
"Scythris limbella",1
"Scythris noricella",3
"Scythris palustris",1
"Scythris potentillella",2
"Scythris scopolella",1
"Scythris sinensis",2
"Scythris trivinctella",2
"Scythropia crataegella",3
"Sedina buettneri",1
"Seirarctia echo",7
"Seirocastnia tribuna",1
"Selagia spadicella",1
"Selania leplastriana",5
"Selenia alciphearia",7
"Selenia dentaria",15
"Selenia kentaria",4
"Selenia lunularia",3
"Selenia sordidaria",1
"Selenia tetralunaria",13
"Selenisa sueroides",8
"Selepa discigera",5
"Selepa geraea",1
"Selidosema brunnearia",1
"Semioscopis avellanella",1
"Semioscopis inornata",4
"Semioscopis steinkellneriana",2
"Semiothisa bicolorata",7
"Semiothisa colorata",1
"Semiothisa denticulata",1
"Semiothisa fissinotata",1
"Semiothisa pinistrobata",1
"Semiothisa signaria",4
"Senta flammea",1
"Sereda tautana",1
"Sericaglaea signata",2
"Sericinus montela",2
"Sericoplaga externalis",1
"Sericosema juturnaria",1
"Sericosema wilsonensis",1
"Serrodes campana",4
"Serrodes partita",7
"Sesamia calamistis",11
"Sesamia grisescens",1
"Sesamia inferens",24
"Sesamia nonagrioides",6
"Sesia apiformis",4
"Sesia bembeciformis",4
"Sesia melanocephala",1
"Sesia tibialis",5
"Setagrotis pallidicollis",1
"Setomorpha rutella",18
"Setora cupreiplaga",3
"Setothosea asigna",5
"Sibine nesea",5
"Sicya crocearia",1
"Sicya macularia",8
"Sicya morsicaria",1
"Sideridis rosea",2
"Siderone galanthis",1
"Siglophora ferreilutea",1
"Simplimorpha promissa",2
"Simyra albovenosa",18
"Simyra nervosa",3
"Sinoe robiniella",2
"Siona lineata",8
"Sitochroa palealis",1
"Sitochroa verticalis",2
"Sitotroga cerealella",7
"Slossonia rubrotincta",1
"Smerinthus cerisyi",9
"Smerinthus jamaicensis",16
"Smerinthus ocellata",20
"Somatolophia haydenata",1
"Somena scintillans",80
"Somena similis",4
"Sonia canadana",1
"Sophronia humerella",1
"Sophronia semicostella",1
"Sorhagenia janiszewskae",1
"Sorhagenia lophyrella",2
"Sorhagenia nimbosa",2
"Sorhagenia rhamniella",1
"Soritia pulchella",6
"Sorolopha archimedias",4
"Sorolopha cyclotoma",2
"Sosipatra rileyella",4
"Spaelotis clandestina",21
"Spaelotis ravida",1
"Spaelotis unicava",1
"Spargaloma sexpunctata",1
"Spargania luctuata",1
"Spargania magnoliata",2
"Sparganothis diluticostana",5
"Sparganothis distincta",1
"Sparganothis niveana",2
"Sparganothis pilleriana",14
"Sparganothis reticulatana",11
"Sparganothis senecionana",4
"Sparganothis sulfureana",33
"Sparganothis tristriata",12
"Sparganothis umbrana",4
"Sparganothis unifasciana",8
"Sparganothis xanthoides",1
"Spartiniphaga includens",1
"Spartiniphaga inops",1
"Spatalia doerriesi",3
"Spatalistis bifasciana",5
"Spathilepia clonius",2
"Speyeria aglaja",3
"Speyeria aphrodite",6
"Speyeria atlantis",6
"Speyeria callippe",5
"Speyeria coronis",4
"Speyeria cybele",5
"Speyeria edwardsii",2
"Speyeria egleis",7
"Speyeria hydaspe",6
"Speyeria idalia",4
"Speyeria mormonia",4
"Speyeria nokomis",1
"Speyeria zerene",6
"Sphecodina abbottii",4
"Sphenarches anisodactylus",6
"Sphingomorpha chlorea",6
"Sphinx asellus",1
"Sphinx canadensis",4
"Sphinx chersis",15
"Sphinx dollii",1
"Sphinx drupiferarum",17
"Sphinx kalmiae",12
"Sphinx libocedrus",4
"Sphinx ligustri",15
"Sphinx luscitiosa",10
"Sphinx perelegans",16
"Sphinx poecila",5
"Sphinx vashti",4
"Spialia spio",8
"Spiloloma lunilinea",1
"Spilonota ocellana",22
"Spilonota semicanella",1
"Spilopera debilis",1
"Spilosoma congrua",3
"Spilosoma glatignyi",2
"Spilosoma latipennis",3
"Spilosoma lubricipeda",13
"Spilosoma lutea",9
"Spilosoma obliqua",39
"Spilosoma pteridis",5
"Spilosoma strigatula",11
"Spilosoma urticae",3
"Spilosoma vagans",4
"Spilosoma vestalis",8
"Spilosoma virginica",80
"Spirama retorta",5
"Spiramater grandis",4
"Spiramater lutra",29
"Spodoptera albula",7
"Spodoptera androgea",1
"Spodoptera cilium",8
"Spodoptera dolichos",18
"Spodoptera eridania",71
"Spodoptera exempta",26
"Spodoptera exigua",79
"Spodoptera frugiperda",101
"Spodoptera latifascia",23
"Spodoptera littoralis",39
"Spodoptera litura",174
"Spodoptera ornithogalli",59
"Spodoptera pecten",12
"Spodoptera picta",1
"Spodoptera praefica",34
"Spodoptera pulchella",1
"Spodoptera triturata",3
"Spoladea recurvalis",39
"Spragueia dama",1
"Spragueia guttata",1
"Spragueia margana",2
"Spragueia onagrus",3
"Spragueia perstructana",1
"Spulerina simploniella",1
"Stagmatophora heydeniella",1
"Stamnodes albiapicata",2
"Stamnodes coenonymphata",1
"Standfussiana lucernea",3
"Stangeia siceliota",2
"Stangeia xerodes",1
"Staphylus azteca",2
"Staphylus hayhurstii",2
"Statherotis discana",5
"Stathmopoda aenea",2
"Stathmopoda auriferella",12
"Stathmopoda chalcotypa",1
"Stathmopoda melanochra",2
"Stathmopoda pedella",1
"Staurophora celsia",1
"Stauropus fagi",10
"Stegasta variana",7
"Stemorrhages sericea",3
"Stenoma baliandra",1
"Stenoma catenifer",1
"Stenoma cathosiota",1
"Stenoma leucana",1
"Stenoporpia polygrammaria",1
"Stenoporpia pulmonaria",7
"Stenoporpia separataria",3
"Stenopterygia subcurva",1
"Stenoptilia bipunctidactyla",1
"Stenoptilia graphodactyla",1
"Stenoptilia pelidnodactyla",1
"Stenoptilia pterodactyla",1
"Stenoptilia zophodactyla",4
"Stenoptilia zophodactylus",1
"Stenoptilodes taprobanes",11
"Stephensia brunnichella",1
"Stereomita andropogonis",1
"Sterrhopterix fusca",3
"Sterrhopterix standfussi",16
"Sthenopis argenteomaculatus",1
"Sthenopis auratus",4
"Sthenopis purpurascens",2
"Stictea mygindiana",1
"Stictoptera cucullioides",8
"Stictoptera signifera",1
"Stigmella aceris",4
"Stigmella aeneofasciella",6
"Stigmella alnetella",2
"Stigmella anomalella",3
"Stigmella apicialbella",4
"Stigmella argentifasciella",1
"Stigmella assimilella",3
"Stigmella atricapitella",2
"Stigmella aurella",7
"Stigmella auromarginella",4
"Stigmella basiguttella",5
"Stigmella benanderella",4
"Stigmella betulicola",4
"Stigmella carpinella",1
"Stigmella catharticella",1
"Stigmella ceanothi",2
"Stigmella centifoliella",4
"Stigmella confusella",3
"Stigmella continuella",2
"Stigmella corylifoliella",4
"Stigmella crataegella",2
"Stigmella crataegifoliella",2
"Stigmella desperatella",3
"Stigmella dorsiguttella",2
"Stigmella dryadella",1
"Stigmella eberhardi",2
"Stigmella filipendulae",1
"Stigmella flavipedella",2
"Stigmella floslactella",3
"Stigmella freyella",2
"Stigmella fuscotibiella",1
"Stigmella glutinosae",4
"Stigmella hemargyrella",1
"Stigmella hybnerella",5
"Stigmella incognitella",2
"Stigmella inopinata",1
"Stigmella johanssonella",1
"Stigmella juglandifoliella",5
"Stigmella lapponica",3
"Stigmella lediella",1
"Stigmella lonicerarum",1
"Stigmella luteella",3
"Stigmella magdalenae",8
"Stigmella malella",2
"Stigmella mespilicola",6
"Stigmella microtheriella",5
"Stigmella minusculella",1
"Stigmella myricafoliella",1
"Stigmella myrtillella",3
"Stigmella nivenburgensis",3
"Stigmella nylandriella",3
"Stigmella obliquella",6
"Stigmella ostryaefoliella",1
"Stigmella oxyacanthella",14
"Stigmella perpygmaeella",2
"Stigmella plagicolella",5
"Stigmella populetorum",1
"Stigmella poterii",9
"Stigmella pretiosa",4
"Stigmella procrastinella",1
"Stigmella prunetorum",6
"Stigmella prunifoliella",2
"Stigmella pyri",1
"Stigmella quercipulchella",3
"Stigmella regiella",3
"Stigmella rhamnella",4
"Stigmella rhamnicola",1
"Stigmella rhoifoliella",1
"Stigmella roborella",3
"Stigmella rosaefoliella",2
"Stigmella ruficapitella",3
"Stigmella sakhalinella",2
"Stigmella salicis",14
"Stigmella samiatella",4
"Stigmella sanguisorbae",1
"Stigmella slingerlandella",1
"Stigmella sorbi",10
"Stigmella speciosa",5
"Stigmella spinosissimae",1
"Stigmella splendidissimella",12
"Stigmella suberivora",2
"Stigmella svenssoni",2
"Stigmella taeniola",1
"Stigmella thuringiaca",8
"Stigmella tiliae",2
"Stigmella tityrella",1
"Stigmella tormentillella",3
"Stigmella trimaculella",6
"Stigmella ulmivora",1
"Stigmella villosella",1
"Stigmella vimineticola",3
"Stigmella zangherii",1
"Stigmella zelleriella",3
"Stilbia anomala",1
"Stilbosis ostryaeella",2
"Stilbosis tesquella",1
"Stiria rugifrons",1
"Stomphastis chalybacma",6
"Streblote dorsalis",20
"Strepsicrates ejectana",14
"Strepsicrates smithiana",9
"Streptopalpia minusculalis",1
"Striglina asinina",6
"Striglina navigatorum",3
"Striglina scitaria",25
"Strophedra nitidana",9
"Strophedra weirana",3
"Strophocerus thermesia",2
"Strymon avalona",4
"Strymon bazochii",5
"Strymon mulucha",1
"Stygionympha robertsoni",1
"Styphlolepis agenor",1
"Suastus gremius",13
"Suleima baracana",2
"Suleima helianthana",1
"Sunira bicolorago",9
"Sunira verberata",1
"Sutyna privata",1
"Swammerdamia caesiella",6
"Swammerdamia compunctella",1
"Swammerdamia passerella",1
"Swammerdamia pyrella",10
"Syllepis marialis",1
"Syllomatia pertinax",1
"Symbrenthia lilaea",4
"Symmerista albifrons",8
"Symmerista canicosta",5
"Symmerista leucitys",7
"Symmetrischema kendallorum",1
"Symmetrischema striatella",5
"Symmetrischema tangolias",5
"Symmoracma minoralis",2
"Sympis rufibasis",3
"Sympistis funebris",2
"Sympistis heliophila",1
"Sympistis lapponica",1
"Sympistis zetterstedtii",1
"Synalocha gutierreziae",1
"Synanthedon acerni",3
"Synanthedon acerrubri",2
"Synanthedon andrenaeformis",2
"Synanthedon culiciformis",5
"Synanthedon dasysceles",1
"Synanthedon decipiens",1
"Synanthedon exitiosa",10
"Synanthedon fatifera",1
"Synanthedon flaviventris",4
"Synanthedon formicaeformis",6
"Synanthedon geliformis",3
"Synanthedon mellinipennis",2
"Synanthedon mesiaeformis",1
"Synanthedon myopaeformis",5
"Synanthedon novaroensis",10
"Synanthedon pictipes",9
"Synanthedon pini",5
"Synanthedon polaris",10
"Synanthedon resplendens",5
"Synanthedon rhododendri",1
"Synanthedon rileyana",2
"Synanthedon scitula",11
"Synanthedon scoliaeformis",4
"Synanthedon sequoiae",9
"Synanthedon sigmoidea",1
"Synanthedon spheciformis",3
"Synanthedon stomoxiformis",4
"Synanthedon tipuliformis",7
"Synaphe punctalis",1
"Synapte silius",1
"Synargis calyce",2
"Synaxis cervinaria",4
"Synaxis hirsutaria",2
"Synaxis jubararia",13
"Synaxis pallulata",13
"Synchlora aerata",22
"Synchlora cupedinaria",1
"Synchlora frondaria",10
"Synchlora gerularia",5
"Synchlora xysteraria",1
"Synclera traducalis",3
"Synclita obliteralis",6
"Syncopacma palpilineella",2
"Syncopacma sangiella",1
"Syncopacma taeniolella",1
"Syncopacma vinella",2
"Syndemis afflictana",9
"Syndemis musculana",5
"Syneora hemeropa",1
"Syneora lithina",2
"Syngamia abruptalis",7
"Syngrapha abstrusa",4
"Syngrapha ain",1
"Syngrapha alias",14
"Syngrapha altera",1
"Syngrapha angulidens",2
"Syngrapha celsa",8
"Syngrapha circumflexa",5
"Syngrapha diasema",2
"Syngrapha epigaea",10
"Syngrapha hochenwarthi",6
"Syngrapha interrogationis",5
"Syngrapha microgamma",8
"Syngrapha parilis",2
"Syngrapha rectangula",13
"Syngrapha selecta",19
"Syngrapha viridisigma",3
"Synnoma lynosyrana",4
"Syntherata janetta",2
"Syntomeida epilais",5
"Syntomeida ipomoeae",1
"Syntomeida melanthus",2
"Syntomeida syntomoides",2
"Syntonarcha iriastis",1
"Sypnoides fumosa",2
"Syssphinx albolineata",4
"Syssphinx colla",2
"Syssphinx hubbardi",9
"Syssphinx molina",15
"Syssphinx quadrilineata",9
"Syssphinx raspa",4
"Systasea zampa",2
"Tabidia insanalis",1
"Tacoma feriella",1
"Tacparia atropunctata",1
"Tacparia detersata",1
"Tagiades japetus",3
"Tagiades litigiosa",4
"Tagiades nestus",1
"Tagiades toba",1
"Tagiades trebellius",1
"Tagoropsis flavinata",3
"Tagoropsis hanningtoni",1
"Talides sergestus",1
"Tallula melazonalis",1
"Tanaecia iapis",4
"Tanaecia pelea",1
"Tarachidia candefacta",4
"Tarachidia erastrioides",2
"Tarachidia libedis",1
"Tarachidia semiflava",2
"Targalla delatrix",9
"Tarucus theophrastus",2
"Tathorhynchus exsiccata",1
"Tathothripa continua",1
"Tatobotys biannulalis",2
"Tatochila autodice",14
"Taygetis ypthima",3
"Tebenna bjerkandrella",3
"Tebenna micalis",1
"Tegeticula maculata",1
"Tegeticula yuccasella",17
"Tegostoma comparalis",1
"Teia anartoides",3
"Teleiodes luculella",1
"Teleiopsis diffinis",1
"Teleiopsis terebinthinella",1
"Telemiades nicomedes",1
"Telethusia ovalis",1
"Telicota ancilla",1
"Telicota augias",3
"Telicota bambusae",4
"Telicota colon",4
"Telicota ohara",4
"Telphusa cistiflorella",1
"Telphusa latifasciella",1
"Telphusa longifasciella",1
"Telphusa sedulitella",10
"Temenis laothoe",4
"Temnolopha mosaica",1
"Temnora livida",1
"Temnora marginata",1
"Temnora plagiata",1
"Temnora pseudopylas",1
"Temnora zantus",2
"Teracotona submacula",4
"Terastia meticulosalis",13
"Terinos terpander",2
"Tesagrotis corrodera",1
"Tesagrotis piscipellis",1
"Tetanolita palligera",1
"Tethea ocularis",1
"Tethea or",2
"Tetracis cachexiata",23
"Tetracis crocallata",3
"Tetridia caletoralis",1
"Thalaina clara",1
"Thalassodes immissaria",5
"Thalassodes pilaria",14
"Thalassodes quadraria",21
"Thalera fimbrialis",1
"Thallophaga hyperborea",13
"Thallophaga taylorata",3
"Thalpophila matura",1
"Thargella caura",1
"Thaumatotibia leucotreta",21
"Thaumetopoea pityocampa",1
"Thaumetopoea processionea",1
"Thauria aliris",1
"Thecla hemon",1
"Theisoa constrictella",2
"Theope eudocia",1
"Thera britannica",2
"Thera cognata",1
"Thera contractata",4
"Thera cupressata",1
"Thera firmata",1
"Thera juniperata",2
"Thera obeliscata",4
"Thera otisi",3
"Thera variata",4
"Theretra alecto",7
"Theretra capensis",2
"Theretra clotho",7
"Theretra gnoma",1
"Theretra japonica",1
"Theretra latreillii",11
"Theretra nessus",4
"Theretra oldenlandiae",26
"Theretra orpheus",1
"Theretra silhetensis",8
"Theretra suffusa",3
"Theria primaria",2
"Theria rupicapraria",1
"Thessalia leanira",8
"Thessalia theona",3
"Thetidia smaragdaria",2
"Thiodia citrana",3
"Thiotricha subocellea",1
"Thisanotia chrysonuchella",1
"Tholera cespitis",4
"Tholera decimalis",1
"Thorybes diversus",1
"Thosea penthima",1
"Thosea sinensis",18
"Thracides nanea",1
"Thracides phidon",1
"Thumatha fuscescens",1
"Thumatha senex",2
"Thurberiphaga diffusa",2
"Thyas miniacea",4
"Thyatira batis",6
"Thylacoptila paurosema",8
"Thymelicus acteon",1
"Thyraylia bunteana",2
"Thyridia psidii",3
"Thyridopteryx ephemeraeformis",107
"Thyrinteina arnobia",6
"Thyris fenestrella",1
"Thysania zenobia",2
"Thysanoplusia daubei",1
"Thysiarcha ecclesiastis",1
"Tinagma balteolella",2
"Tinagma ocnerostomella",1
"Tinagma perdicella",2
"Tinea pellionella",5
"Tiracola aureata",4
"Tiracola plagiata",36
"Tirathaba pseudocomplana",1
"Tirathaba rufivena",10
"Tirathaba ruptilinea",7
"Tirumala hamata",5
"Tirumala limniace",8
"Tischeria ceanothi",4
"Tischeria decidua",5
"Tischeria dodonaea",4
"Tischeria ekebladella",5
"Tischeria ptarmica",3
"Tischeria quercitella",4
"Titaea lemoulti",2
"Titaea tamerlan",4
"Titanoceros cataxantha",1
"Titanoceros thermoptera",1
"Tithorea harmonia",2
"Tithorea tarricina",2
"Tlascala reductella",1
"Tmolus echion",13
"Tolype dayi",3
"Tolype distincta",1
"Tolype glenwoodii",3
"Tolype laricis",12
"Tolype velleda",18
"Tongeia filicaudis",1
"Tongeia fischeri",2
"Toripalpus trabalis",1
"Tornos abjectarius",1
"Tortricidia flexuosa",3
"Tortricidia pallida",2
"Tortricidia testacea",1
"Tortricodes alternella",4
"Tortricopsis semijunctella",1
"Tortrix dinota",11
"Tortrix viridana",5
"Trabala vishnou",44
"Trachea atriplicis",2
"Tracholena dialeuca",1
"Trachycentra chlorogramma",4
"Trachylepidia fructicassiella",7
"Trachypteryx rubripictella",1
"Traminda acuta",2
"Traminda aventiaria",4
"Traminda mundissima",4
"Traminda neptunaria",1
"Traminda vividaria",1
"Triaxomera parasitella",1
"Trichiura crataegi",19
"Trichodezia albovittata",3
"Tricholita chipeta",1
"Tricholita signata",2
"Trichoplusia lectula",1
"Trichoplusia ni",70
"Trichopteryx carpinata",2
"Trichopteryx polycommata",4
"Trichordestra legitima",20
"Trichordestra lilacina",4
"Trichordestra tacoma",8
"Trichosea ludifica",3
"Trifurcula aurella",1
"Trifurcula beirnei",3
"Trifurcula coronillae",1
"Trifurcula cryptella",6
"Trifurcula eurema",4
"Trifurcula headleyella",3
"Trifurcula immundella",1
"Trifurcula moravica",1
"Trifurcula ortneri",5
"Trifurcula pallidella",2
"Trifurcula rosmarinella",1
"Trifurcula serotinella",2
"Trifurcula squamatella",1
"Trifurcula stoechadella",1
"Trifurcula subnitidella",2
"Trifurcula thymi",2
"Trigonocyttara clandestina",1
"Trigonodes cephise",1
"Trigonodes hyppasia",5
"Triocnemis saporis",3
"Triodia sylvina",1
"Triphosa californiata",1
"Triphosa dubitata",5
"Triphosa haesitata",6
"Tripudia quadrifera",1
"Trisateles emortualis",3
"Triuncidia eupalusalis",1
"Trygodes musivaria",1
"Trypanisma prudens",1
"Trypanophora semihyalina",10
"Tsinilla lineana",2
"Tuxentius margaritaceus",1
"Tycomarptes inferior",2
"Typhedanus undulatus",6
"Tyria jacobaeae",6
"Tyta luctuosa",1
"Ubaena dolabella",2
"Udaspes folus",10
"Udea decrepitalis",1
"Udea ferrugalis",6
"Udea itysalis",2
"Udea profundalis",5
"Udea rubigalis",14
"Udea uliginosalis",1
"Udranomia orcinus",1
"Ufa rubedinella",6
"Ufeus plicatus",2
"Ufeus satyricus",1
"Ulolonche culea",2
"Ulotrichopus primulina",2
"Uraba lugens",9
"Urania leilus",1
"Urapteroides astheniata",5
"Urbanus albimargo",2
"Urbanus doryssus",1
"Urbanus esmeraldus",1
"Urbanus procne",3
"Urbanus simplicius",2
"Urbanus teleus",3
"Uresiphita gilvata",1
"Uresiphita polygonalis",7
"Uresiphita reversalis",25
"Urodus parvula",4
"Usta terpsichore",4
"Utetheisa lotrix",7
"Utetheisa ornatrix",10
"Utetheisa pulchella",15
"Utetheisa pulchelloides",3
"Uzucha borealis",2
"Uzucha humeralis",1
"Vagrans egista",7
"Vanessa annabella",23
"Vanessa carye",12
"Vanessa indica",10
"Vanessa itea",4
"Vanessa kershawi",6
"Vegetia ducalis",3
"Venusia cambrica",5
"Venusia comptaria",1
"Venusia pearsalli",8
"Vettius fantasos",2
"Vindula arsinoe",3
"Vindula erota",4
"Vinicia gypsopa",2
"Vitacea polistiformis",2
"Vitacea scepsiformis",3
"Vitula biviella",2
"Vitula lugubrella",1
"Vitula serratilineella",4
"Wallengrenia premnas",4
"Walshia miscecolorella",4
"Watsonalla binaria",1
"Westermannia gloriosa",2
"Westermannia superba",4
"Wilemanus bidentatus",1
"Xanthia gilvago",2
"Xanthia icteritia",5
"Xanthia ocellaris",1
"Xanthia togata",3
"Xanthodes albago",7
"Xanthodes transversa",12
"Xanthopan morganii",2
"Xanthorhoe abrasaria",3
"Xanthorhoe annotinata",1
"Xanthorhoe biriviata",3
"Xanthorhoe defensaria",5
"Xanthorhoe designata",7
"Xanthorhoe exorista",2
"Xanthorhoe ferrugata",7
"Xanthorhoe fluctuata",9
"Xanthorhoe iduata",2
"Xanthorhoe incursata",2
"Xanthorhoe lacustrata",2
"Xanthorhoe montanata",5
"Xanthorhoe saturata",4
"Xanthorhoe spadicearia",2
"Xanthotype sospeta",14
"Xanthotype urticaria",6
"Xeniades orchamus",2
"Xenimpia erosa",6
"Xenolechia aethiops",1
"Xenophanes tryxus",2
"Xenotemna pallorana",12
"Xerociris wilsonii",1
"Xestia alpicola",3
"Xestia ashworthii",3
"Xestia badicollis",2
"Xestia baja",6
"Xestia c-nigrum",38
"Xestia castanea",1
"Xestia collina",2
"Xestia dilucida",3
"Xestia dolosa",2
"Xestia elimata",18
"Xestia gelida",1
"Xestia homogena",3
"Xestia laetabilis",1
"Xestia mustelina",12
"Xestia normanianus",7
"Xestia oblata",4
"Xestia praevia",7
"Xestia rhaetica",1
"Xestia sexstrigata",1
"Xestia sincera",1
"Xestia smithii",9
"Xestia speciosa",2
"Xestia tecta",1
"Xestia triangulum",1
"Xestia xanthographa",2
"Xubida infusellus",7
"Xylena brucei",1
"Xylena cineritia",14
"Xylena curvimacula",6
"Xylena exsoleta",21
"Xylena nupera",18
"Xylena thoracica",5
"Xylena vetusta",17
"Xylesthia pruniramiella",1
"Xyleutes persona",13
"Xyleutes strix",1
"Xylocampa areola",1
"Xylomoia chagnoni",1
"Xylophanes anubus",1
"Xylophanes chiron",1
"Xylophanes crotonis",1
"Xylophanes falco",1
"Xylophanes pluto",3
"Xylophanes porcus",1
"Xylophanes tersa",16
"Xylopteryx arcuata",1
"Xylopteryx emunctaria",2
"Xylorycta leucophanes",1
"Xylorycta luteotactella",3
"Xylorycta melaleucae",1
"Xylorycta ophiogramma",1
"Xylotype arcadia",2
"Xylotype capax",2
"Xyrosaris lichneuta",4
"Xystophora pulveratella",1
"Yasoda pita",1
"Yoma algina",1
"Yoma sabina",3
"Yosemitia graciella",4
"Yponomeuta cagnagella",4
"Yponomeuta evonymella",6
"Yponomeuta internellus",1
"Yponomeuta irrorella",3
"Yponomeuta malinellus",3
"Yponomeuta multipunctella",2
"Yponomeuta padella",21
"Yponomeuta paurodes",1
"Yponomeuta plumbella",3
"Yponomeuta pustulellus",1
"Yponomeuta rorrella",8
"Yponomeuta tokyonella",1
"Ypsolopha asperella",1
"Ypsolopha cervella",4
"Ypsolopha chazariella",1
"Ypsolopha falciferella",2
"Ypsolopha horridella",1
"Ypsolopha mucronella",1
"Ypsolopha parenthesella",5
"Ypsolopha rubrella",1
"Ypsolopha sequella",2
"Ypsolopha vittella",1
"Ypthima motschulskyi",6
"Ypthima pandocus",3
"Zale aeruginosa",3
"Zale bethunei",1
"Zale calycanthata",1
"Zale confusa",1
"Zale duplicata",5
"Zale galbanata",3
"Zale helata",6
"Zale horrida",1
"Zale lunata",3
"Zale lunifera",2
"Zale metatoides",2
"Zale minerea",17
"Zale obliqua",3
"Zale obsita",1
"Zale perculta",1
"Zale phaeocapna",1
"Zale submediana",3
"Zale undularis",2
"Zale unilineata",1
"Zaleops umbrina",1
"Zamagiria australella",1
"Zamagiria laidion",4
"Zamarada baliata",1
"Zamarada eogenaria",1
"Zamarada secutaria",1
"Zanclognatha cruralis",3
"Zanclognatha minoralis",4
"Zanclognatha protumnusalis",5
"Zaretis callidryas",2
"Zaretis itys",8
"Zeiraphera canadensis",4
"Zeiraphera fortunana",12
"Zeiraphera hesperiana",2
"Zeiraphera improbana",11
"Zeiraphera isertana",2
"Zeiraphera pacifica",1
"Zeiraphera ratzeburgiana",17
"Zeiraphera rufimitrana",4
"Zeiraphera unfortunana",7
"Zeiraphera vancouverana",2
"Zelleria euthysema",1
"Zelleria haimbachi",7
"Zelleria hepariella",5
"Zelleria oleastrella",1
"Zemeros flegyas",4
"Zenophleps lignicolorata",5
"Zerene eurydice",2
"Zerenopsis leopardina",3
"Zestusa dorus",2
"Zeuzera coffeae",97
"Zeuzera pyrina",16
"Zizeeria karsandra",3
"Zizeeria knysna",6
"Zizina labradus",3
"Zomaria interruptolineana",5
"Zomaria rosaochreana",1
"Zophodia grossulariella",1
"Zosteropoda hirtipes",3
"Zotheca tranquilla",2
"Zygaena carniolica",1
"Zygaena exulans",19
"Zygaena filipendulae",3
"Zygaena lonicerae",9
"Zygaena loti",1
"Zygaena osterodensis",1
"Zygaena purpuralis",1
"Zygaena trifolii",2
"Zygaena viciae",5
